task_id,scheduler_type,cluster_id,submit_time,wait_time,actual_duration,status
39090d868fbf513e84ef9bbf,baseline,2,1094461.0,0.0,100.0,COMPLETED
45acbbb2e8655c2e43378c2e,baseline,0,1092080.0,0.0,2798.0,COMPLETED
1ed5cf79388b3b945d03e87c,baseline,0,1097431.0,0.0,50.0,COMPLETED
f8d19c29329167e40ea172ca,baseline,0,1097906.0,0.0,13.0,COMPLETED
53d6e46ea1dccfb8e108e1e0,baseline,2,1101161.0,0.0,8.0,COMPLETED
097653c4650a42823edbfd85,baseline,0,1100849.0,0.0,5940.0,COMPLETED
d3d3dd142417b6ea34b7a010,baseline,0,1112157.0,0.0,52.0,COMPLETED
7371eb3cead49a7059b74791,baseline,1,1093583.0,0.0,26359.0,COMPLETED
811542e382ff75528b17e6ba,baseline,1,1122361.0,0.0,64.0,COMPLETED
5f5d59a1ea6d60f3900d9bcd,baseline,1,1125628.0,0.0,578.0,COMPLETED
5d033a07b5274dcf4eaf9f16,baseline,1,1128455.0,0.0,21.0,COMPLETED
d808556d4ae8ba19e9dd6baf,baseline,2,1125726.0,0.0,6586.0,COMPLETED
b675945594985b628d825163,baseline,1,1133510.0,0.0,2094.0,COMPLETED
343ccedade025043b5e5271c,baseline,3,1138083.0,0.0,103.0,COMPLETED
12297fc06d15267dce10576f,baseline,2,1137514.0,0.0,782.0,COMPLETED
9edecc548a398d30758d246f,baseline,3,1138493.0,0.0,153.0,COMPLETED
e0d84b3975b6fbf03835c553,baseline,1,1138495.0,0.0,719.0,COMPLETED
059f99004b4c8cc729595082,baseline,1,1136342.0,0.0,3791.0,COMPLETED
daf35aeb87bff995f44f5cc4,baseline,2,1138423.0,0.0,4026.0,COMPLETED
05d3ec31583186037582803a,baseline,1,1143470.0,0.0,474.0,COMPLETED
e0586d2ae0d20a32a74dc98c,baseline,1,1144645.0,0.0,1277.0,COMPLETED
8d5f1b2c0c76f962a3889274,baseline,3,1150147.0,0.0,45.0,COMPLETED
9f832ec9b0cb36149d4e6528,baseline,0,1120233.0,0.0,30417.0,COMPLETED
9f4754ad251f818a72007c6a,baseline,1,1148558.0,0.0,8577.0,COMPLETED
50404e2aabbcaf178c9768d1,baseline,2,1148565.0,0.0,9953.0,COMPLETED
aaf214cf022bf0313c669222,baseline,1,1158979.0,0.0,17.0,COMPLETED
63c3c04ce5ef9b78da3ee0de,baseline,0,1152415.0,0.0,7261.0,COMPLETED
52c2f1af031e36b377986fed,baseline,0,1159757.0,0.0,4610.0,COMPLETED
3a65fb200d7910d8b6cb618c,baseline,0,1172452.0,0.0,2734.0,COMPLETED
fdec049dbcae27ebe2047766,baseline,1,1174557.0,0.0,659.0,COMPLETED
a35f21e046072806110ada3c,baseline,0,1177737.0,0.0,284.0,COMPLETED
10b7a91f7a05fb49891ebfff,baseline,1,1182605.0,0.0,15.0,COMPLETED
ccff71112e133ba3ccc27535,baseline,1,1184687.0,0.0,727.0,COMPLETED
be2ed246d0f02336b344596b,baseline,2,1174837.0,0.0,11085.0,COMPLETED
4f794b14af4459cf808e7b2e,baseline,1,1186465.0,0.0,24.0,COMPLETED
f8ece070a2c5a05a76749f1e,baseline,0,1181493.0,0.0,5315.0,COMPLETED
6222cd16452a033077dc7898,baseline,1,1191121.0,0.0,1838.0,COMPLETED
88045912ebfc4fda9da6300c,baseline,3,1191990.0,0.0,6602.0,COMPLETED
b75ac289d5a6859a28a06a80,baseline,0,1187636.0,0.0,13205.0,COMPLETED
2eb21770f31d10a54be8bab4,baseline,0,1202329.0,0.0,239.0,COMPLETED
4478334607bca6e5a34c9f05,baseline,1,1204247.0,0.0,19.0,COMPLETED
c041a4b6be7bb5b5f925c3fb,baseline,1,1205384.0,0.0,13.0,COMPLETED
2046c94b1fbc223930568ddb,baseline,3,1208495.0,0.0,69.0,COMPLETED
ece715abaea2c47bb9bd775f,baseline,3,1208862.0,0.0,36.0,COMPLETED
5af60367792575c874475056,baseline,2,1191764.0,0.0,22633.0,COMPLETED
e7bc5702c8780adfae1d4db0,baseline,1,1207694.0,0.0,7033.0,COMPLETED
5a715fd88cdb8d8cdd354278,baseline,2,1220318.0,0.0,413.0,COMPLETED
c6c0041d48c473a2f71e6f06,baseline,2,1221754.0,0.0,308.0,COMPLETED
920c845bb6d162a65cfc1cd7,baseline,3,1221756.0,0.0,485.0,COMPLETED
e46ebd9992a2cc20c9d7e169,baseline,2,1223553.0,0.0,195.0,COMPLETED
9ed3909cdcaf8761eeaa8e23,baseline,1,1216635.0,0.0,7406.0,COMPLETED
9be60acae467f3c1f51cc2c1,baseline,0,1203850.0,0.0,28423.0,COMPLETED
dddb5f2b7b2f0aebdedfcb7f,baseline,0,1233914.0,0.0,236.0,COMPLETED
4f549ea71b44ecbcbd954909,baseline,0,1238238.0,0.0,518.0,COMPLETED
09f9a336cfe4bd9bad8b05f9,baseline,2,1228293.0,0.0,10786.0,COMPLETED
23d6c67914dd234d9bff7c40,baseline,0,1243519.0,0.0,130.0,COMPLETED
1b67984ec88023dea37ea5f0,baseline,0,1246444.0,0.0,61.0,COMPLETED
72113b5d3d8befe716513a1b,baseline,3,1248360.0,0.0,765.0,COMPLETED
689ea91723686e8bbe6fff56,baseline,1,1227955.0,0.0,21247.0,COMPLETED
3d6889d3e7461825d4856de6,baseline,0,1247718.0,0.0,2813.0,COMPLETED
8a4e97d02c134874ca66446a,baseline,2,1248069.0,0.0,2768.0,COMPLETED
90acbf1cc3372a7ac1294ef3,baseline,0,1251542.0,0.0,321.0,COMPLETED
45d3bc0a7cb9cf6173f1e79b,baseline,0,1252806.0,0.0,236.0,COMPLETED
3107199a2826fec236c3eb25,baseline,0,1255360.0,0.0,256.0,COMPLETED
95d8bcb64e831921e3a0f890,baseline,0,1256763.0,0.0,236.0,COMPLETED
1edb7f84fc8e97d0ef35dc16,baseline,0,1258505.0,0.0,527.0,COMPLETED
eded7ba621dfb2c415860709,baseline,0,1259777.0,0.0,31.0,COMPLETED
d6c332c16d01f1e7387ef195,baseline,0,1265226.0,0.0,2961.0,COMPLETED
d5ff5e35c5e71781d0bd77b6,baseline,3,1238390.0,0.0,35479.5,COMPLETED
f8a2ae71ff810f20820e17dd,baseline,1,1274216.0,0.0,13.0,COMPLETED
e2845eb6d2b860f571abe4c8,baseline,0,1271629.0,0.0,4851.0,COMPLETED
7a4438275fb81371502da81a,baseline,0,1276984.0,0.0,3624.0,COMPLETED
159f5c0b7c7b4d701c669696,baseline,0,1283294.0,0.0,169.0,COMPLETED
c3bd302ad7fc4a9cf358036e,baseline,1,1285036.0,0.0,31.0,COMPLETED
cef9d90a76958fcefa3a0dc3,baseline,0,1284968.0,0.0,1364.0,COMPLETED
c15f8c4e2413f96718a82cc8,baseline,0,1293591.0,0.0,154.0,COMPLETED
019aefeeb22468377bb29b6f,baseline,0,1294341.0,0.0,36.0,COMPLETED
030793bdc5e81f1a86bd3953,baseline,0,1295603.0,0.0,13.0,COMPLETED
33a774178695a5406f643af1,baseline,0,1295974.0,0.0,135.0,COMPLETED
5719db63928571c94d3d42a7,baseline,2,1300494.0,0.0,45.0,COMPLETED
679d9a81461fae902e2842cc,baseline,2,1301290.0,0.0,2995.0,COMPLETED
c9bed6cd743d9297d82d8af3,baseline,2,1310603.0,0.0,364.5,COMPLETED
11def3bfa52a3cc88eaaadf7,baseline,1,1293700.0,0.0,18070.0,COMPLETED
bc0fe67f675a00516bb33484,baseline,1,1312315.0,0.0,39.0,COMPLETED
0ac29496185659d831d7a89c,baseline,3,1317330.0,0.0,77.0,COMPLETED
af0f0a9f9963fb96c697c996,baseline,2,1314830.0,0.0,2934.0,COMPLETED
6e873b0fd3450669682f1a12,baseline,0,1299507.0,0.0,18588.0,COMPLETED
5d921e59509eb7cf8899b581,baseline,0,1318151.0,0.0,2638.0,COMPLETED
08e5e8335670f42dfe321892,baseline,2,1320778.0,0.0,58.0,COMPLETED
3508ac77027d94bdb764107d,baseline,1,1313197.0,0.0,20169.0,COMPLETED
afba6312141f00df94f378cd,baseline,1,1334373.0,0.0,354.0,COMPLETED
f7ecc12390b0d8d5d0ebd930,baseline,1,1336833.0,0.0,1098.0,COMPLETED
57a9f377b40af5c189d3bdf6,baseline,0,1325834.0,0.0,12444.0,COMPLETED
eff4f79e7245000c4d501c8d,baseline,0,1339727.0,0.0,424.0,COMPLETED
fd601a7e64ad1f6ba8ea6e91,baseline,0,1342609.0,0.0,1852.5,COMPLETED
015e840b7325157f0ad625b7,baseline,0,1346169.0,0.0,2644.0,COMPLETED
f01d93027af3f1110e7fcded,baseline,3,1337814.0,0.0,12346.0,COMPLETED
5f405d5b2f8c01d0a5532093,baseline,3,1354620.0,0.0,37.0,COMPLETED
3deccd9ad48029679a9e7a2d,baseline,1,1354269.0,0.0,1230.0,COMPLETED
133a218bee1b3bfe99533ee6,baseline,1,1355838.0,0.0,1096.5,COMPLETED
10bf0ff20558c84d7865c046,baseline,0,1350259.0,0.0,6918.0,COMPLETED
6fa43566de4a999486b4817f,baseline,0,1359176.0,0.0,185.0,COMPLETED
02681e51d4f912bd4d30b372,baseline,0,1359808.0,0.0,337.0,COMPLETED
1c5d9dceeba80ad172760e65,baseline,1,1364593.0,0.0,183.0,COMPLETED
11837e46e278405c113abda9,baseline,0,1362714.0,0.0,7252.0,COMPLETED
728a38b43bc12e217c8a1383,baseline,0,1375139.0,0.0,240.0,COMPLETED
66613bf7d954ec0b95e3f4d2,baseline,3,1356869.0,0.0,19271.0,COMPLETED
3af9f3abd3f252026489f333,baseline,0,1377194.0,0.0,645.0,COMPLETED
ec0deb1828b698d791d48ab7,baseline,1,1367101.0,0.0,11969.0,COMPLETED
07777c43ba2fbd4d5883ee3a,baseline,3,1383356.0,0.0,145.0,COMPLETED
4ee94791c515c815e2dba289,baseline,0,1378556.0,0.0,6676.0,COMPLETED
fe4a7c2891a94c5622df87a6,baseline,1,1380518.0,0.0,7037.0,COMPLETED
ea226f005e6ef6fd38209880,baseline,3,1386974.0,0.0,1241.0,COMPLETED
b03bfce1fe69549ebd28c006,baseline,0,1385966.0,0.0,2295.0,COMPLETED
1ceccd7442f1bf3ecfa1ca30,baseline,0,1388320.0,0.0,32.0,COMPLETED
0b6b12c3116916181c83a7b5,baseline,1,1389745.0,0.0,345.0,COMPLETED
003ba8a7a1205665edfc42ce,baseline,1,1390996.0,0.0,290.0,COMPLETED
1e3bf34c7b815298e4996e83,baseline,1,1391643.0,0.0,187.0,COMPLETED
34b6740075e6ebf2474a6ea3,baseline,0,1389712.0,0.0,5085.0,COMPLETED
47f233a75523f4612b61eb36,baseline,1,1392079.0,0.0,5865.0,COMPLETED
5699bbb95f5d2d4f8ea6546d,baseline,2,1329047.0,0.0,69211.0,COMPLETED
c1493dd959e31276c4becab5,baseline,1,1402512.0,0.0,65.0,COMPLETED
4c9024aca023f520fb8d5a48,baseline,1,1406847.0,0.0,110.0,COMPLETED
7c97187283e0932876e4d99c,baseline,0,1401289.0,0.0,8062.0,COMPLETED
0ee09ecf9bbc85d448dd2019,baseline,0,1411188.0,0.0,62.0,COMPLETED
03728a25d0d571ab0943746c,baseline,3,1393677.0,0.0,18687.0,COMPLETED
cf6379874b060cbeab003363,baseline,0,1412556.0,0.0,78.0,COMPLETED
d0fcae6d09c603d6fb291d2e,baseline,0,1413524.0,0.0,214.0,COMPLETED
b7398c5adf4a6623d3ac833a,baseline,2,1419122.0,0.0,145.0,COMPLETED
e15b01c481b024711fb90074,baseline,2,1422932.0,0.0,400.0,COMPLETED
ddfcbda18da926633ae7cb2e,baseline,2,1440852.0,0.0,1063.0,COMPLETED
7dff551526afeb96d49c9a6a,baseline,3,1441372.0,0.0,733.0,COMPLETED
bbd809312a9008f2cec0cb89,baseline,2,1444303.0,0.0,681.0,COMPLETED
7e159e0371b5f244fb62a542,baseline,1,1417332.0,0.0,38384.0,COMPLETED
d46231330a9ab28d636a3622,baseline,1,1458391.0,0.0,51.0,COMPLETED
e794d012190382cb6f75baac,baseline,1,1458752.0,0.0,577.0,COMPLETED
c65903117385571018e64a72,baseline,2,1459286.0,0.0,545.0,COMPLETED
3d9812647b28bb2714d61073,baseline,0,1414627.0,0.0,46953.0,COMPLETED
a5c0c499ac61fb584e4b9fb7,baseline,0,1467531.0,0.0,24.0,COMPLETED
b4bf6b437e4e83c24065208a,baseline,0,1467596.0,0.0,24.0,COMPLETED
16d230689f32946277bb1363,baseline,1,1471318.0,0.0,2094.0,COMPLETED
a068cc9acafe876dedd09228,baseline,2,1472690.0,0.0,1912.0,COMPLETED
d55c35a9a4fb558bf3ae3fa4,baseline,1,1475823.0,0.0,145.0,COMPLETED
2bd613bcd5aa96fb834082df,baseline,0,1471302.0,0.0,4726.0,COMPLETED
e7b6060f25aa36f6aa49fbf3,baseline,0,1478512.0,0.0,162.0,COMPLETED
38bbb65dd5ef5ec2b0d724fd,baseline,3,1473211.0,0.0,6966.0,COMPLETED
0b3bf6f1a94a3ac03256b0f8,baseline,0,1480195.0,0.0,9383.0,COMPLETED
1f3bf25375878e5354376d3b,baseline,0,1492587.0,0.0,27.0,COMPLETED
68583c6a67eb443de3ea60de,baseline,0,1498237.0,0.0,388.0,COMPLETED
80571e867ab4eff6c3c226ee,baseline,0,1502207.0,0.0,596.0,COMPLETED
9d7d0d7a908d29a3d9c2f566,baseline,2,1513975.0,0.0,335.0,COMPLETED
a8456b71584350cbae812be3,baseline,1,1483739.0,0.0,30618.0,COMPLETED
5343d3a35549a7a73b1a9bfd,baseline,1,1515751.0,0.0,495.0,COMPLETED
6f70a9f6c94d194117a4201e,baseline,1,1523177.0,0.0,4497.0,COMPLETED
31711cf87bcf94701b0b6709,baseline,2,1527253.0,0.0,1880.0,COMPLETED
6e574a1b2f1b93dd57d71b71,baseline,3,1528922.0,0.0,841.0,COMPLETED
ec6edc04046a1192918384df,baseline,1,1528638.0,0.0,3281.0,COMPLETED
71313fc39a97a4d753132198,baseline,1,1532628.0,0.0,5623.0,COMPLETED
52e2dde78c30ed7e0756ee3e,baseline,3,1540848.0,0.0,396.0,COMPLETED
52e44ea8cd1cbc59c385e94c,baseline,2,1540050.0,0.0,1619.0,COMPLETED
8aac0d742f426d50d1a7d35b,baseline,2,1543364.0,0.0,54.0,COMPLETED
59e4d8b529b97019f73f7e1b,baseline,1,1539919.0,0.0,3806.0,COMPLETED
60d62b29fbffb1b0b87f7f2d,baseline,2,1543696.0,0.0,33.0,COMPLETED
712d87e91e1a8b701230c0ea,baseline,1,1547850.0,0.0,30.0,COMPLETED
9e71fe2daa5803e910a3a265,baseline,1,1550400.0,0.0,219.0,COMPLETED
5a95dc85e286c15e99fd85ff,baseline,3,1554378.0,0.0,1456.0,COMPLETED
d33103c3ddc1521c46074df1,baseline,3,1558421.0,0.0,594.0,COMPLETED
473964725ad2b112232be65c,baseline,2,1551675.0,0.0,8052.0,COMPLETED
9f87001e41f07808042e9af0,baseline,2,1562684.0,0.0,410.0,COMPLETED
1d9dd6f24d99e4512ca2a169,baseline,3,1563683.0,0.0,176.0,COMPLETED
5cbb5369f3ccdaa0707978fb,baseline,2,1563806.0,0.0,98.0,COMPLETED
a4dcc45a11f8ef96619f02c8,baseline,2,1563369.0,0.0,4124.0,COMPLETED
f6924936644688e2ebe275b1,baseline,3,1568578.0,0.0,46.0,COMPLETED
d19677b0c4a175a9a2c9f8bc,baseline,2,1568168.0,0.0,478.0,COMPLETED
dcd779d6cbc58996d005b3ea,baseline,3,1566289.0,0.0,2802.0,COMPLETED
b8f2df1524264d8fe6b47a93,baseline,0,1512951.0,0.0,58013.0,COMPLETED
fabc6889ad5b4ade6f99b13a,baseline,0,1571090.0,0.0,28.0,COMPLETED
91a7090406af16b108efe6f5,baseline,3,1570070.0,0.0,1517.0,COMPLETED
7ab09297a16972d882e25aa5,baseline,1,1551204.0,0.0,20808.0,COMPLETED
54e1accfb21360655015b6b1,baseline,0,1573853.0,0.0,941.0,COMPLETED
ac3ddb25baab3b537c2cad54,baseline,2,1568382.0,0.0,7213.0,COMPLETED
bd6f695967bc1e078ba5d853,baseline,0,1578223.0,0.0,31.0,COMPLETED
d6f6e32032895814bcf24aa5,baseline,1,1574578.0,0.0,4212.0,COMPLETED
d64945456ae1793e697871ee,baseline,3,1570656.0,0.0,10691.0,COMPLETED
915002463cdd1e957d7f1668,baseline,2,1570656.0,0.0,10875.0,COMPLETED
3e7be82e48fd496831a56340,baseline,0,1581966.0,0.0,1900.0,COMPLETED
d20546330a5992f6468dd12c,baseline,1,1583694.0,0.0,259.0,COMPLETED
5c8c0804e75d0494ef56d803,baseline,0,1584243.0,0.0,297.0,COMPLETED
e1c69b2b8c76203b2663e201,baseline,0,1585761.0,0.0,256.0,COMPLETED
6b0afeac1603023f4bfad43b,baseline,0,1586755.0,0.0,38.0,COMPLETED
22fb4cc5a21542c5dcca1f85,baseline,0,1588549.0,0.0,294.0,COMPLETED
eff26be1c703099b1825ed99,baseline,1,1588781.0,0.0,110.0,COMPLETED
84c0273ebdc322a28c31dd46,baseline,0,1588943.0,0.0,82.0,COMPLETED
29d979d87056224d2c94dde6,baseline,0,1590317.0,0.0,1576.0,COMPLETED
fd84f834930b408470594e13,baseline,0,1593553.0,0.0,292.5,COMPLETED
36ff6ba9f47cba325a42efbb,baseline,0,1595094.0,0.0,683.0,COMPLETED
81d010e17c6043a8c0dcd98a,baseline,0,1595834.0,0.0,384.0,COMPLETED
1e3051b9d831baec33d134d4,baseline,0,1598225.0,0.0,1058.0,COMPLETED
aa0940f13ee38b59d0468f2f,baseline,0,1605859.0,0.0,58.0,COMPLETED
e66f571711f5d7b4caeb33bc,baseline,2,1615359.0,0.0,456.0,COMPLETED
6f06f04594f608949aa55022,baseline,1,1614372.0,0.0,11293.0,COMPLETED
e3bc120a1ad6b2f85e0520ab,baseline,2,1619927.0,0.0,8212.0,COMPLETED
449ae1400737bf1c4d4d7133,baseline,3,1635322.0,0.0,134.0,COMPLETED
16c5be8166d4a4455ab3277d,baseline,3,1636472.0,0.0,55.0,COMPLETED
f6531f8253b334bc6c1d9179,baseline,1,1633906.0,0.0,4204.0,COMPLETED
cc972f0d7426f8c88a28d494,baseline,0,1610691.0,0.0,29369.0,COMPLETED
dbf6a88a730c42b9dc28559a,baseline,1,1639590.0,0.0,1807.5,COMPLETED
87aa51c802b3ee119c8eeb18,baseline,1,1648333.0,0.0,75.0,COMPLETED
2099cb237151e1a27f1ec325,baseline,1,1649179.0,0.0,453.0,COMPLETED
738223e5bc8fa2d7a57c9872,baseline,3,1649244.0,0.0,2197.0,COMPLETED
5a5045779ef2d795a828dcb8,baseline,1,1651216.0,0.0,386.0,COMPLETED
7915774ebec6c060d4e0a421,baseline,1,1652111.0,0.0,2378.0,COMPLETED
459c907cf9c8048c911e9bfc,baseline,2,1634057.0,0.0,22825.0,COMPLETED
31b4db34e66dfb7912ada780,baseline,3,1652589.0,0.0,5169.0,COMPLETED
8d9e0a43ca3311ce1d7bc1de,baseline,3,1662122.0,0.0,143.0,COMPLETED
9f15c87cad2db901eea0e335,baseline,3,1663850.0,0.0,110.0,COMPLETED
c6059f22efb7bf5df21e1cc0,baseline,3,1664518.0,0.0,293.0,COMPLETED
c6a1d2e9f80f8fb80a4cf43b,baseline,3,1665455.0,0.0,474.0,COMPLETED
e9421048f42a78a01131d353,baseline,3,1668721.0,0.0,71.0,COMPLETED
dcfb031ea20643d2808735e8,baseline,3,1670917.0,0.0,55.0,COMPLETED
23d2675c0321c2832d333d87,baseline,3,1671456.0,0.0,116.0,COMPLETED
b6f139d29d70925a01662ec6,baseline,0,1647936.0,0.0,24778.0,COMPLETED
13f58bcdce0427d261cdf6d2,baseline,3,1673650.0,0.0,1170.0,COMPLETED
12acbc59bc6af97e68f19358,baseline,1,1660417.0,0.0,14446.0,COMPLETED
ae6600aa0b3824542155266e,baseline,2,1660418.0,0.0,15035.0,COMPLETED
c88ce5d0f84813944594b00a,baseline,0,1672766.0,0.0,4201.0,COMPLETED
f77948875acba866cf0f8127,baseline,0,1677978.0,0.0,247.0,COMPLETED
ea53f2590496610657299706,baseline,1,1678221.0,0.0,32.0,COMPLETED
fc6604ca440190b54c211936,baseline,0,1679930.0,0.0,1024.0,COMPLETED
01933cfc9f232553f0b44033,baseline,1,1679937.0,0.0,1550.0,COMPLETED
887c9f308838f3a2db5bc87a,baseline,0,1683850.0,0.0,176.0,COMPLETED
81409b3df2005aff9baada92,baseline,0,1685695.0,0.0,165.0,COMPLETED
71e1982352aedab6a69355c3,baseline,0,1696001.0,0.0,331.0,COMPLETED
979446c85e11560f02b8daa9,baseline,1,1698090.0,0.0,681.0,COMPLETED
05c6460f5146feeb0f924aa7,baseline,2,1698413.0,0.0,485.0,COMPLETED
7f37b6fe49843b31523720d1,baseline,0,1697703.0,0.0,2606.0,COMPLETED
236843be9fcde46e39f29943,baseline,1,1710096.0,0.0,297.0,COMPLETED
07d499fa6b3843c36fa68b0e,baseline,1,1710624.0,0.0,322.0,COMPLETED
403e620a556b1490aeb1a521,baseline,0,1709907.0,0.0,4566.0,COMPLETED
0201b74e0ff1347782a490a8,baseline,1,1714175.0,0.0,747.0,COMPLETED
6bfc72cd42766ba251af89e0,baseline,0,1716702.0,0.0,1015.0,COMPLETED
83b7fb9ac3dc6757440e35c4,baseline,0,1726231.0,0.0,415.0,COMPLETED
668a573f3d86f64ae6762a53,baseline,0,1727320.0,0.0,36.0,COMPLETED
5caf83f2b5927ac38faa8927,baseline,0,1734772.0,0.0,190.0,COMPLETED
2fce2878dfe145095c56ed9d,baseline,1,1734910.0,0.0,1894.0,COMPLETED
f0ed58f8060482b63cf82e83,baseline,0,1737122.0,0.0,411.0,COMPLETED
2054fd430bb3d3ece1179c09,baseline,0,1748131.0,0.0,54.0,COMPLETED
d333adc86042e528b2691ce7,baseline,0,1750870.0,0.0,2426.0,COMPLETED
e0980379b4c30ca562378da7,baseline,0,1757211.0,0.0,55.0,COMPLETED
ed004002b02ceeee33ce01ce,baseline,0,1758332.0,0.0,756.0,COMPLETED
7d3fc0da4af6364260126295,baseline,2,1760432.0,0.0,75.0,COMPLETED
1e023e215dcf07d309cdf8c2,baseline,0,1760386.0,0.0,265.0,COMPLETED
18c51b528a9f3d7f66354c64,baseline,1,1760423.0,0.0,354.0,COMPLETED
2f7accec78d5b193438430f3,baseline,0,1768423.0,0.0,149.0,COMPLETED
102a43a5bc0bcf0875d3d3f7,baseline,0,1774396.0,0.0,167.0,COMPLETED
f3efff6dc7794171e03fe062,baseline,1,1774532.0,0.0,1648.0,COMPLETED
30f7b963a7a0dc549cc93644,baseline,0,1774588.0,0.0,1649.0,COMPLETED
3255b0bb370a372ba1bfdccd,baseline,0,1779542.0,0.0,148.5,COMPLETED
4f0175497bf00130291a339f,baseline,0,1783583.0,0.0,279.0,COMPLETED
38e0953980ec9a61f8899629,baseline,2,1791353.0,0.0,4902.0,COMPLETED
38134cc3014c20c089e45be8,baseline,1,1790608.0,0.0,6503.0,COMPLETED
e48910cb0c82ffc946eec08d,baseline,0,1785892.0,0.0,12442.0,COMPLETED
497291931b47d563d6212745,baseline,1,1798328.0,0.0,585.0,COMPLETED
d54f9b3139023d42167288db,baseline,0,1804557.0,0.0,406.0,COMPLETED
d3b2812e0a5382bb7f0cc9d7,baseline,0,1805788.0,0.0,4505.0,COMPLETED
baf24274e117f5a2f802f570,baseline,1,1813607.0,0.0,24.0,COMPLETED
b7eb071640a4cff88c64d165,baseline,0,1810309.0,0.0,3342.0,COMPLETED
7dfb8a627be9f1d109427847,baseline,0,1815088.0,0.0,218.0,COMPLETED
6216e88d90f34e4ca9de5856,baseline,0,1820626.0,0.0,420.0,COMPLETED
c209f6923820f084e9e51b0a,baseline,0,1825873.0,0.0,97.0,COMPLETED
a0494d35cc584e90ffd9c877,baseline,0,1826434.0,0.0,270.0,COMPLETED
35c749602fa97bdf38b9010b,baseline,0,1827191.0,0.0,274.0,COMPLETED
d5654fde1754cc58e67bd4db,baseline,1,1835494.0,0.0,51.0,COMPLETED
8da1f11b2d3d67ae6b2cbc36,baseline,0,1835333.0,0.0,253.0,COMPLETED
4b188b563d499b95835813e9,baseline,1,1839354.0,0.0,144.0,COMPLETED
f4c7aaa972bcd1ae10606665,baseline,3,1842898.0,0.0,117.0,COMPLETED
7393c4cb79b411abd3630f3c,baseline,3,1843242.0,0.0,99.0,COMPLETED
6ac87ef65dec16e2ed5ade14,baseline,1,1842250.0,0.0,1471.0,COMPLETED
0b67c9dcf8c4510c39a29efe,baseline,1,1843759.0,0.0,24.0,COMPLETED
b129f31c7bcb5a2c1e97ed55,baseline,3,1848109.0,0.0,308.0,COMPLETED
518cb46069e9337c92e26479,baseline,0,1849119.0,0.0,97.0,COMPLETED
91adcf4c3eaa7aa3c8789bc1,baseline,1,1849785.0,0.0,81.0,COMPLETED
d4ba5c63cdb242bbb53e804d,baseline,3,1848563.0,0.0,1989.0,COMPLETED
be054f22af410cc6b6f75f1c,baseline,3,1851043.0,0.0,206.0,COMPLETED
7445d4eea111407093428a2b,baseline,0,1849758.0,0.0,2653.0,COMPLETED
c4d0439f4694b6024dae23c0,baseline,1,1846970.0,0.0,8965.0,COMPLETED
987c7c54f8bb83506c93cd6f,baseline,2,1842752.0,0.0,13716.0,COMPLETED
0dec634f2aa90aeca287fe4e,baseline,2,1866689.0,0.0,2743.0,COMPLETED
a5cbdf7b7806e3dc1a356dc1,baseline,0,1872980.0,0.0,1007.0,COMPLETED
35f30caeb34f859535b7f074,baseline,0,1876194.0,0.0,6387.0,COMPLETED
8d1d6b40797cad1d8531a90a,baseline,0,1892684.0,0.0,44.0,COMPLETED
b90f023948a214c82247bda9,baseline,3,1898771.0,0.0,35.0,COMPLETED
bc03f9f964fb4184ba8cfdb5,baseline,0,1896932.0,0.0,3984.0,COMPLETED
ad8b735b5bc349708b54f621,baseline,0,1903350.0,0.0,2707.0,COMPLETED
6dd3c942d4cfb245a5e29507,baseline,0,1908069.0,0.0,427.0,COMPLETED
f898946f23d5e2a76d1813d0,baseline,2,1870819.0,0.0,39220.5,COMPLETED
e5ef19982f4d22ecadd38a82,baseline,2,1913148.0,0.0,113.0,COMPLETED
4aec1224068b6623bb7a7b07,baseline,0,1901509.0,0.0,12522.0,COMPLETED
3d50e7de285a675555f94c52,baseline,1,1866347.0,0.0,50803.0,COMPLETED
17fe9b4ac4c891e7d41907e7,baseline,3,1867809.0,0.0,49477.0,COMPLETED
b77bb44e8d3aecd374280997,baseline,0,1836226.0,0.0,81500.0,COMPLETED
cfe331f0d6121fd865fe3c66,baseline,1,1918562.0,0.0,749.0,COMPLETED
9b3e9177aa89ecf9f330799a,baseline,0,1918060.0,0.0,1265.0,COMPLETED
de45fcb3b6bad85f099296fc,baseline,0,1924402.0,0.0,705.0,COMPLETED
a11278ee0896281c07a6134b,baseline,0,1931417.0,0.0,960.0,COMPLETED
37af262e21d1f285d6d584de,baseline,1,1932170.0,0.0,364.0,COMPLETED
5dd49f7170cdfc4d3f6075b9,baseline,2,1932362.0,0.0,388.0,COMPLETED
6f789815f585e4f52881b655,baseline,0,1932750.0,0.0,460.5,COMPLETED
a19b2553347847d586a9537c,baseline,0,1935958.0,0.0,54.0,COMPLETED
be18b1b1e9831a6d0312ab96,baseline,0,1942154.0,0.0,10089.0,COMPLETED
4a3cef58ca03e01f2e0cc116,baseline,1,1949400.0,0.0,6780.0,COMPLETED
e1a0155dcffbd929e10348a8,baseline,2,1961180.0,0.0,45.0,COMPLETED
c0165642f67de0c19a68dec3,baseline,1,1960929.0,0.0,699.0,COMPLETED
74132ccdb9aa25080568cbe2,baseline,1,1961941.0,0.0,618.0,COMPLETED
fd35fd25925e6db788ae87d5,baseline,2,1961602.0,0.0,2835.0,COMPLETED
f04122ab821adf47d8da0297,baseline,3,1965958.0,0.0,4022.0,COMPLETED
fa48ce4a092c6dba3fe5007e,baseline,0,1953352.0,0.0,16972.0,COMPLETED
4daa94ca9d7c6c5ad521aae3,baseline,0,1966652.0,0.0,4770.0,COMPLETED
67f9216b21d50a73c8f9df27,baseline,1,1966991.0,0.0,5129.0,COMPLETED
4add2aa2ffeab23d74006742,baseline,2,1969921.0,0.0,2237.0,COMPLETED
8feaa4c727f5dcc23a8e4a6f,baseline,2,1965318.0,0.0,7462.0,COMPLETED
0a8596930b70b85fda76a8a6,baseline,2,1975789.0,0.0,51.0,COMPLETED
edc4afc4cfcd3862826abe1b,baseline,3,1975833.0,0.0,111.0,COMPLETED
ddc143e5561310975a64e073,baseline,2,1976250.0,0.0,13.0,COMPLETED
1d7df9565433f16e7879f528,baseline,2,1976645.0,0.0,124.0,COMPLETED
d48601306b2f265f6dfe96cf,baseline,0,1974388.0,0.0,4546.0,COMPLETED
5b09dfe358e3556f0b524eb0,baseline,0,1980192.0,0.0,1117.0,COMPLETED
835c7effd40709f42a41dc32,baseline,0,1986911.0,0.0,13.0,COMPLETED
320458d7a6c2587d080a14c6,baseline,0,1988933.0,0.0,13.0,COMPLETED
4936e63dc15d52adeb896f87,baseline,0,1988709.0,0.0,275.0,COMPLETED
bb3c44222c03ee9cd35d65d8,baseline,0,1988981.0,0.0,13.0,COMPLETED
25f97a90abebd85f66e43302,baseline,0,1990128.0,0.0,3103.0,COMPLETED
4379b3242423ea7e5af273eb,baseline,0,1994833.0,0.0,1481.0,COMPLETED
01064bca45fdaef56044e318,baseline,2,1980320.0,0.0,16162.0,COMPLETED
2d7b2545213712ad02f68322,baseline,3,1980589.0,0.0,18806.0,COMPLETED
1c6b9aa7a11a7437039d4f13,baseline,0,1999533.0,0.0,21.0,COMPLETED
14fbe9c7d535010b4fb52382,baseline,1,1963443.0,0.0,39666.0,COMPLETED
8ffb38b94e240eb514e802df,baseline,0,2000905.0,0.0,3769.0,COMPLETED
ad7b208bffe3fdf987e67b98,baseline,0,2037074.0,0.0,71.0,COMPLETED
e2f18dee10b0967960cdd813,baseline,0,2039826.0,0.0,1095.0,COMPLETED
ce5711f78c6887d8c40fdf82,baseline,0,2047424.0,0.0,956.0,COMPLETED
784cd8db743ea73ec0a6b583,baseline,1,2053514.0,0.0,774.0,COMPLETED
08a51bfbc32d10a5a7065e8d,baseline,2,2057428.0,0.0,14.0,COMPLETED
fc27a7277dce2c1d4f661fcc,baseline,1,2055048.0,0.0,3255.0,COMPLETED
8a9ef967170575185b0b68bf,baseline,1,2059387.0,0.0,13.0,COMPLETED
be63706fe4de9c337b0869e8,baseline,0,2052644.0,0.0,8368.0,COMPLETED
90dea859bd38b72639237296,baseline,1,2063529.0,0.0,46.5,COMPLETED
3b4c428f60fdebdc3f04ac4d,baseline,1,2063842.0,0.0,91.0,COMPLETED
b2fbf2d2a907eafd31cce88e,baseline,1,2064017.0,0.0,1193.0,COMPLETED
858a9f47e0ab9fe5e08ba2c7,baseline,0,2063065.0,0.0,3943.0,COMPLETED
a4d2bf7b048ac5339fff4f34,baseline,2,2065061.0,0.0,3325.0,COMPLETED
9d0370c05d380569612b3551,baseline,2,2071004.0,0.0,54.0,COMPLETED
3b90725386f8d0ec90fb23b6,baseline,2,2074933.0,0.0,110.0,COMPLETED
26a1022ea8419b4387dd8547,baseline,2,2075447.0,0.0,1540.0,COMPLETED
c4e8595d63522d1df7871bb8,baseline,0,2069423.0,0.0,7680.0,COMPLETED
54f70fad40ee0d0690646b8c,baseline,3,2076808.0,0.0,364.0,COMPLETED
4caebd53e941761cfa706808,baseline,0,2079520.0,0.0,35.0,COMPLETED
dbd71e49854b99368e18c584,baseline,2,2086117.0,0.0,110.0,COMPLETED
decd4d523e34ed1e337f5944,baseline,1,2070009.0,0.0,17215.0,COMPLETED
31baf0afd28dfc05cefe9b45,baseline,1,2090205.0,0.0,13.0,COMPLETED
5c1f43f70d3f92979f877225,baseline,0,2085263.0,0.0,5290.0,COMPLETED
24bd88a73b09e705779a03f6,baseline,2,2100543.0,0.0,718.0,COMPLETED
77e2fd3e1efcfa2a900c7a06,baseline,2,2107507.0,0.0,417.0,COMPLETED
0168af23a3203bae8c7aa5df,baseline,0,2091594.0,0.0,17858.0,COMPLETED
31b016c8d2dfbf57b0fc7763,baseline,0,2111939.0,0.0,113.0,COMPLETED
faabc98fcac742b1c9d998a0,baseline,2,2108600.0,0.0,3475.0,COMPLETED
bf9a5891b8240e9ade49f428,baseline,0,2113484.0,0.0,257.0,COMPLETED
3f328bad9d0cfb8600e0613d,baseline,2,2116373.0,0.0,19.0,COMPLETED
13c1fdc0f45ba8eb8560ed3b,baseline,0,2116373.0,0.0,30.0,COMPLETED
73c96773d4411e97ca18b0b6,baseline,1,2094680.0,0.0,28313.0,COMPLETED
832fdd2effe100d8bc693792,baseline,1,2123805.0,0.0,261.0,COMPLETED
26270d3096052dc1b724ce71,baseline,1,2135089.0,0.0,3949.0,COMPLETED
be7814122f4bc3df660d7ad0,baseline,2,2135939.0,0.0,5139.0,COMPLETED
b31f625996923f165a86d546,baseline,1,2139099.0,0.0,4751.0,COMPLETED
fcd8f9b017183d587b331ce2,baseline,1,2144474.0,0.0,364.0,COMPLETED
8c1d930fde3142beb52ffa99,baseline,0,2118950.0,0.0,28487.0,COMPLETED
90d61a29085f63cb3c8ff2fd,baseline,1,2148182.0,0.0,30.0,COMPLETED
fbb1e21e4f176d5dce1cd07f,baseline,1,2149100.0,0.0,235.0,COMPLETED
311da0b3e1830ba432d360b3,baseline,1,2153830.0,0.0,4106.0,COMPLETED
0c9651a2d3e40c2b0339c1d7,baseline,1,2158467.0,0.0,50.0,TIMEOUT
5bb50c73631740f66919639d,baseline,1,2159056.0,0.0,102.0,COMPLETED
a442359b772a02d34141a1af,baseline,1,2159450.0,0.0,34.0,COMPLETED
cdb9aa897f937311f631359f,baseline,2,2163722.0,0.0,41.0,COMPLETED
e5d0167442e6ab0fce4d20a5,baseline,0,2147717.0,0.0,17177.0,COMPLETED
816e5cb0fc5668832e72e483,baseline,1,2161635.0,0.0,8323.5,COMPLETED
183fc11e8bb61e2cd2d07e24,baseline,1,2171984.0,0.0,229.0,COMPLETED
cdcbbc887d63b02805f0e96b,baseline,2,2169615.0,0.0,3952.0,COMPLETED
77b8b1534162ec0624077c8f,baseline,1,2181827.0,0.0,780.0,COMPLETED
57e8a0d451a31de0b27e5c7e,baseline,0,2185051.0,0.0,343.0,COMPLETED
2e40c5e335aa145aa165575d,baseline,1,2182668.0,0.0,2816.0,COMPLETED
0bddc1eeeee559c5e7410c9e,baseline,1,2190875.0,0.0,763.0,COMPLETED
57127609269115f52b9e059e,baseline,1,2192034.0,0.0,94.0,COMPLETED
4589a4fe1992b2ce8f735bd3,baseline,1,2192747.0,0.0,39.0,COMPLETED
4529f3bd882e9b5799c38e7b,baseline,1,2196160.0,0.0,55.0,COMPLETED
a4dd17e57d760eff702886a1,baseline,1,2201770.0,0.0,26.0,COMPLETED
4dbdfb35d174a45ba484a0be,baseline,2,2182047.0,0.0,20681.0,COMPLETED
5c04052125b9d628f34c1ff1,baseline,1,2202948.0,0.0,34.0,COMPLETED
5bd09840e4cd1a2b8fafa891,baseline,1,2206439.0,0.0,24.0,COMPLETED
971011a04112e8084985c7e4,baseline,2,2215222.0,0.0,214.0,COMPLETED
d5eff8a6fee42afe1007626d,baseline,0,2215267.0,0.0,193.0,COMPLETED
fee47510b429aac0b18cb253,baseline,2,2219323.0,0.0,16.0,COMPLETED
959ee8ff76bd50376c1cd346,baseline,0,2224789.0,0.0,1189.0,COMPLETED
ec2d08e53bec3254f06b01d1,baseline,1,2214325.0,0.0,15619.0,COMPLETED
96c6cbd9660f552815423c73,baseline,2,2224642.0,0.0,6578.0,COMPLETED
dd434098b5b37219f8282e6e,baseline,1,2233920.0,0.0,698.0,COMPLETED
f5fe6f34f5c57991d510efba,baseline,1,2237468.0,0.0,1686.0,COMPLETED
e1b08b465cf8beaa97a9f2ed,baseline,3,2183820.0,0.0,56899.0,COMPLETED
ebed425a87b9444ce0482e41,baseline,1,2241116.0,0.0,146.0,COMPLETED
20010ec948e60065dbc76d76,baseline,1,2245120.0,0.0,24.0,COMPLETED
ef61e94fb6d085a42689b5c4,baseline,1,2247662.0,0.0,693.0,COMPLETED
c79a5453dab40d8bf47d0098,baseline,1,2248972.0,0.0,1852.0,COMPLETED
55b356e2f0e00a2827a3d955,baseline,1,2254696.0,0.0,14.0,COMPLETED
ddbf2d68d47b2fd3723d93b1,baseline,3,2257202.0,0.0,896.0,COMPLETED
df2ca04518d305850c28e698,baseline,2,2256362.0,0.0,3802.0,COMPLETED
48695a2b697f6f4e1e46a34e,baseline,2,2260630.0,0.0,1191.0,COMPLETED
11b080689cc14ed2fff9f625,baseline,2,2262740.0,0.0,147.0,COMPLETED
aaa71079088eeeb13e263071,baseline,2,2264741.0,0.0,45.0,COMPLETED
281314852c7aa28b9b31d7ea,baseline,2,2265035.0,0.0,31.0,COMPLETED
906fa9e77c48fbf98a522b67,baseline,2,2266946.0,0.0,93.0,COMPLETED
1457b36b8cddedf4fe607de6,baseline,2,2271388.0,0.0,4101.0,COMPLETED
10f86f3e3ae8e17c01658b63,baseline,1,2255977.0,0.0,19636.0,COMPLETED
e7168c20a0143762b3fdfa66,baseline,1,2275679.0,0.0,2668.0,COMPLETED
f5052f2177d1e64d961324c7,baseline,1,2279351.0,0.0,2535.0,COMPLETED
3987ede275c025e4c14c973e,baseline,3,2281635.0,0.0,1813.0,COMPLETED
518e022ac1c8e447b24f0978,baseline,1,2283482.0,0.0,5002.0,COMPLETED
aaf6793c59b5e30c5d0e1015,baseline,2,2279594.0,0.0,10651.0,COMPLETED
84e8dd2e5a5e64c6ceef6a85,baseline,1,2292401.0,0.0,630.0,COMPLETED
7b83ad74758f800c6f909e65,baseline,2,2292757.0,0.0,2892.0,COMPLETED
89ba6c2a99acaa2848803454,baseline,3,2286109.0,0.0,10473.0,COMPLETED
e08491428fa6802ac4ca585c,baseline,1,2296597.0,0.0,366.0,COMPLETED
5d73a996e98134fe4b49f87d,baseline,3,2303140.0,0.0,29.0,COMPLETED
a1f3f83e26ae6a75cd84b8f2,baseline,2,2301245.0,0.0,4823.0,COMPLETED
99c79620abe466ae7a42e3cf,baseline,2,2306073.0,0.0,1320.0,COMPLETED
f9389cea42a1848f494c019b,baseline,2,2311817.0,0.0,501.0,COMPLETED
d86a934a42d4f8918a72454f,baseline,1,2299858.0,0.0,19861.0,COMPLETED
bf2e3430a5be1299c635f17c,baseline,1,2321315.0,0.0,638.0,COMPLETED
ca60364cfb4539669b441fec,baseline,1,2325866.0,0.0,38.0,COMPLETED
1502984777793026a3db07c9,baseline,1,2326178.0,0.0,189.0,COMPLETED
4a32bd251b3222fddd18334d,baseline,1,2327779.0,0.0,210.0,COMPLETED
528f36fea90b94175459998d,baseline,3,2304078.0,0.0,25494.0,COMPLETED
0151e22fed42346b33db447c,baseline,1,2335158.0,0.0,615.0,COMPLETED
0559e24bd643cb8f6c190417,baseline,2,2340629.0,0.0,12.0,COMPLETED
bca9c6c0a8122cd18f0857cd,baseline,3,2343233.0,0.0,59.0,COMPLETED
e08e635e1cc1043c685bb2b0,baseline,0,2342847.0,0.0,635.0,COMPLETED
235df8c18bcdc2450c607248,baseline,2,2343099.0,0.0,749.0,COMPLETED
1b57327e538d16d22fb00fc4,baseline,3,2342238.0,0.0,1693.0,COMPLETED
b0136a44fd2d35aa822fb8cc,baseline,2,2343889.0,0.0,114.0,COMPLETED
c362c9811925522dd4795454,baseline,0,2343237.0,0.0,2201.0,COMPLETED
cfd980e52dfa73eb385174fd,baseline,3,2342337.0,0.0,3634.0,COMPLETED
f185e3b46ea6ef236140e353,baseline,3,2346114.0,0.0,456.0,COMPLETED
cc9892395b7293346be15cb8,baseline,1,2338857.0,0.0,11235.0,COMPLETED
f8974c0c348ac4578367297a,baseline,1,2354139.0,0.0,36.0,COMPLETED
0c932feae19fe6d649d80519,baseline,0,2356268.0,0.0,14.0,COMPLETED
ce4630548ef88157408b543b,baseline,0,2360232.0,0.0,2770.0,COMPLETED
a3cf425aa5cc25ec15827820,baseline,0,2364177.0,0.0,55.0,COMPLETED
420403ecbfc7aaccef02f127,baseline,1,2354777.0,0.0,10161.0,COMPLETED
e5eec8fd54777f7e1e1946b8,baseline,0,2365169.0,0.0,58.0,COMPLETED
1db0a4259041ce38c3a8b4cd,baseline,0,2366088.0,0.0,675.0,COMPLETED
5711f03aff0ebaa27a741789,baseline,3,2368596.0,0.0,20.0,COMPLETED
a4ce0fc98302b163604d3eb2,baseline,3,2369279.0,0.0,127.0,COMPLETED
a6c1767e7c10d2cf0322fbda,baseline,3,2369603.0,0.0,262.0,COMPLETED
cb9c249315fd8179fbe046f3,baseline,0,2367600.0,0.0,5038.0,COMPLETED
db5136a262acc312549a5a66,baseline,0,2372902.0,0.0,3288.0,COMPLETED
3774034b0a53bd42571d1365,baseline,0,2376851.0,0.0,156.0,COMPLETED
e16aff19653e9852433e6300,baseline,0,2166384.0,0.0,211981.0,COMPLETED
3362b129a547f1a9853913c5,baseline,3,2348612.0,0.0,30401.0,COMPLETED
85e527045de559e4a9fe7e40,baseline,3,2379755.0,0.0,236.0,COMPLETED
7a4f7173c3e20b685cd28d04,baseline,0,2379754.0,0.0,247.0,COMPLETED
1a7d898c8de95b0544452652,baseline,0,2380403.0,0.0,451.0,COMPLETED
84badc0e5e51277063089226,baseline,0,2379349.0,0.0,1742.0,COMPLETED
3b1dce720bc44dff492fab75,baseline,0,2381848.0,0.0,48.0,COMPLETED
8b9f5e9463d8ac62d42eceb8,baseline,0,2381220.0,0.0,2121.0,COMPLETED
3082c2d9b7f704b7cb8aecf7,baseline,2,2341824.0,0.0,51369.0,COMPLETED
526647f5d60b48cd677153ad,baseline,1,2362813.0,0.0,30816.0,COMPLETED
789e7b27715bce947e0ca686,baseline,0,2394454.0,0.0,480.0,COMPLETED
8c9360b0c207fbe0537bd354,baseline,3,2370926.0,0.0,30286.0,COMPLETED
170fa29bf82972dbb1b1794a,baseline,2,2362948.0,0.0,39282.0,COMPLETED
cea62add49d01a4a41e6b548,baseline,1,2402175.0,0.0,104.0,COMPLETED
0b1472451a612666f68c9037,baseline,1,2409657.0,0.0,1244.0,COMPLETED
976bbaf429837b5adf724c72,baseline,1,2420549.0,0.0,124.0,COMPLETED
2b008a0a456d92e050756813,baseline,1,2423571.0,0.0,1831.0,COMPLETED
0240cd167ec22bb11b97e747,baseline,1,2425854.0,0.0,2400.0,COMPLETED
7d357645cbc901fa0687cb19,baseline,1,2433258.0,0.0,73.0,COMPLETED
bb75a706ba8e0c58e80c503e,baseline,3,2426363.0,0.0,7893.0,COMPLETED
9080c18670b32062d8fb6296,baseline,2,2410484.0,0.0,24135.0,COMPLETED
9fd68eb413143ef510ed199f,baseline,3,2442608.0,0.0,113.0,COMPLETED
eb51320f1bb56360f4300927,baseline,0,2399308.0,0.0,44453.0,COMPLETED
e78d8347e473d1d26de1e00a,baseline,1,2437081.0,0.0,11094.0,COMPLETED
94cb55a074013c41e02df636,baseline,2,2437197.0,0.0,11757.0,COMPLETED
07a8c18a598a6fd619f8b11a,baseline,1,2459090.0,0.0,334.0,TIMEOUT
fe4da5738ff18fd308d2808a,baseline,1,2461097.0,0.0,1385.0,COMPLETED
713295ed7bb017f369052892,baseline,1,2463766.0,0.0,327.0,COMPLETED
0d71db3673838fd835198119,baseline,1,2464183.0,0.0,558.0,COMPLETED
c484c375c2b2b16401665548,baseline,0,2446412.0,0.0,19150.0,COMPLETED
14ec71f362af53ca2f3ae22e,baseline,0,2467977.0,0.0,48.0,COMPLETED
6c1804c24556f30cefc1e9ac,baseline,0,2468397.0,0.0,246.0,COMPLETED
0ab55392c55295fd5fd732f1,baseline,2,2471725.0,0.0,82.0,COMPLETED
7d0c6cd3acf70e7ecf16119d,baseline,3,2477771.0,0.0,2270.0,COMPLETED
290c1be6a1f360d48ded4724,baseline,3,2480058.0,0.0,238.0,COMPLETED
d17af9d6cf4fc45565709d49,baseline,3,2482821.0,0.0,3327.0,COMPLETED
37f5c600d6e2a773e27c1c91,baseline,3,2487958.0,0.0,665.0,COMPLETED
99e8362103650e3b77446615,baseline,2,2473046.0,0.0,15899.0,COMPLETED
b7256b87f116fdba1375d69b,baseline,1,2465471.0,0.0,24452.0,TIMEOUT
e53bbd0313767e6ffbd14122,baseline,2,2494808.0,0.0,424.0,COMPLETED
56fe73e7028fee5b5c48bbf6,baseline,1,2493374.0,0.0,2351.0,COMPLETED
77a0a94442c156eea0b156a5,baseline,1,2497877.0,0.0,679.0,COMPLETED
13364c7555c03454d0d8251c,baseline,1,2498919.0,0.0,2593.0,COMPLETED
da7d17f92f51c219e3771a6a,baseline,1,2502042.0,0.0,133.0,COMPLETED
b5afa14c147958d8b4c01b5f,baseline,1,2506021.0,0.0,660.0,COMPLETED
27399453d62e1da8967f0917,baseline,1,2510155.0,0.0,1027.0,COMPLETED
f3f2e53e5d1a659015096f49,baseline,1,2512690.0,0.0,2926.0,COMPLETED
31341ae52f812c367210490f,baseline,1,2519652.0,0.0,416.0,COMPLETED
07537f91f0016ccf16ebbead,baseline,2,2525793.0,0.0,359.0,COMPLETED
aa6fa5f10a45caf6a29a1c9c,baseline,2,2527985.0,0.0,226.0,COMPLETED
cfd0d9558102248c19bb3da1,baseline,2,2529669.0,0.0,24.0,COMPLETED
8510c8af74a731309543ff74,baseline,0,2471635.0,0.0,61855.0,COMPLETED
ee65507646b973188e53bf95,baseline,1,2520779.0,0.0,13424.0,COMPLETED
b81d4a22a407fb9f6780eea0,baseline,0,2535681.0,0.0,48.0,COMPLETED
8090a5594ded18f7253f4d5b,baseline,0,2540454.0,0.0,187.0,COMPLETED
966cf2ffc1cb4468228f77c6,baseline,2,2542367.0,0.0,3560.0,COMPLETED
2b2e1b08a2e1c97883c95b89,baseline,0,2540991.0,0.0,5921.0,COMPLETED
9b1bdf28846a678f49622204,baseline,3,2543702.0,0.0,3246.0,COMPLETED
aca857c202f0e6a704b1b931,baseline,2,2555528.0,0.0,569.0,COMPLETED
da06136140f664586b6fdbb3,baseline,3,2556036.0,0.0,1408.0,COMPLETED
3b771bffdeaa20c948088c01,baseline,0,2549100.0,0.0,14809.0,COMPLETED
9924cbbf05a0dfb3423eac7e,baseline,1,2541802.0,0.0,24494.0,COMPLETED
e0836f4d789c05605127a54a,baseline,1,2568497.0,0.0,5012.0,COMPLETED
89e4fde684c528346c610ef2,baseline,0,2567967.0,0.0,6969.0,COMPLETED
183b1a5850ddda1c49a72d26,baseline,1,2574709.0,0.0,945.0,COMPLETED
09838c46662ce259e088ff5f,baseline,2,2581377.0,0.0,1356.0,COMPLETED
85b68d91ca5699aa4ee458ff,baseline,2,2584526.0,0.0,2643.0,COMPLETED
302e19d0325e73a5e19b56e0,baseline,2,2587251.0,0.0,41.0,COMPLETED
d5661ef2e666ca9489b89d09,baseline,2,2587993.0,0.0,91.0,COMPLETED
87469c02238057fd8e1e2e73,baseline,2,2594272.0,0.0,886.0,COMPLETED
87143cf6c97e5b598b6418be,baseline,2,2596027.0,0.0,544.0,COMPLETED
5ce6d0701bda56123fe94535,baseline,1,2576337.0,0.0,20937.0,COMPLETED
454296bc58d67d2a15bc0e0b,baseline,1,2596147.0,0.0,2470.5,COMPLETED
72092a00032d5f2162106bea,baseline,0,2594955.0,0.0,3832.0,COMPLETED
09a142fd69e2fe78e9aa7380,baseline,1,2600816.0,0.0,436.0,COMPLETED
f9cbc48b089a39c2e3141298,baseline,1,2607292.0,0.0,267.0,COMPLETED
b7686d42ce9dfaee62ab8667,baseline,3,2585518.0,0.0,23324.0,COMPLETED
90d2b129038a7b2dd126979c,baseline,3,2610231.0,0.0,638.0,COMPLETED
6d36f286d14c8b4c2de7baad,baseline,3,2612471.0,0.0,44.0,COMPLETED
e03f7e506367f77d6b4a6305,baseline,1,2607991.0,0.0,6267.0,COMPLETED
28d00058fe8207b194d7465c,baseline,1,2615391.0,0.0,75.0,COMPLETED
8803d00a3431558ba692ade7,baseline,0,2607993.0,0.0,9012.0,COMPLETED
d68bc0aed66172baa1d093b2,baseline,3,2618524.0,0.0,857.0,COMPLETED
cfb685043c1ca84282c0da13,baseline,2,2607993.0,0.0,11959.0,COMPLETED
0608081f2f763ae51542eefe,baseline,1,2616066.0,0.0,10973.0,COMPLETED
158dd0bb97f797075f7142ff,baseline,1,2629122.0,0.0,104.0,COMPLETED
cbc269f5b9e3a8dcd826f1cd,baseline,1,2630321.0,0.0,24.0,COMPLETED
7b8fb9ec6f3abbed471eade2,baseline,0,2575212.0,0.0,65961.0,COMPLETED
185ed3da195d992125fe6a76,baseline,0,2642127.0,0.0,425.0,COMPLETED
8af05c10868362c662d402d8,baseline,0,2651453.0,0.0,148.0,COMPLETED
3c042c8a837ff9febab9df5a,baseline,0,2652746.0,0.0,878.0,COMPLETED
d55ef7e92211d9fb74b1d75b,baseline,0,2655914.0,0.0,537.0,COMPLETED
abbe8a2a8cf3154da54e87ca,baseline,0,2657858.0,0.0,305.0,COMPLETED
ecf51257dda7c2a25c3410a8,baseline,0,2658748.0,0.0,414.0,COMPLETED
0f1028c0abf1f3c370970458,baseline,3,2659105.0,0.0,719.0,COMPLETED
d0419032eca27ba7bd255273,baseline,3,2661999.0,0.0,148.0,COMPLETED
45e2f13b10950812f9cdf059,baseline,1,2653199.0,0.0,10226.0,COMPLETED
dd325c031279f10d954bdb4e,baseline,3,2664537.0,0.0,1836.0,COMPLETED
cce6f00bd3455066b4a09529,baseline,1,2665987.0,0.0,569.0,COMPLETED
fc505f3d412f92f454f30892,baseline,1,2664394.0,0.0,4605.0,COMPLETED
eb68da34736c46ce791e8e51,baseline,3,2666569.0,0.0,2589.0,COMPLETED
4f72da5ce6423c5e2c13b203,baseline,1,2669135.0,0.0,115.5,COMPLETED
d61194f2d1963ab4d757454b,baseline,0,2659837.0,0.0,10703.0,COMPLETED
25a621200447fe24760e9cb4,baseline,0,2673290.0,0.0,41.0,COMPLETED
bc6a6b74eb73912202731af4,baseline,2,2653469.0,0.0,23385.0,COMPLETED
cad255a2424cdfc3d6563e9e,baseline,2,2677528.0,0.0,44.0,COMPLETED
669f9c99be2c7195eda56396,baseline,2,2677711.0,0.0,24.0,COMPLETED
bc031dddee55edd4f23d1d5f,baseline,2,2680647.0,0.0,394.0,COMPLETED
d25091668a210273ed8bbc93,baseline,0,2674900.0,0.0,8588.0,COMPLETED
d4275585595b96e0edebcae4,baseline,0,2686843.0,0.0,450.0,COMPLETED
b2e6cf7ffd9f31dd7cd6a7ca,baseline,1,2676051.0,0.0,15414.0,COMPLETED
400980ffa36754af6f62e90f,baseline,0,2692529.0,0.0,467.0,COMPLETED
14ca8edfae5abf0a83f1ab1e,baseline,1,2695327.0,0.0,50.0,COMPLETED
44440a2021a6f090189a9344,baseline,0,2695204.0,0.0,2397.0,COMPLETED
36ec89155305398a20296404,baseline,0,2701983.0,0.0,556.0,COMPLETED
f6d97d9552b307eff350748e,baseline,0,2703651.0,0.0,1086.0,COMPLETED
ef89ec1bcb76586142f25dd2,baseline,1,2704462.0,0.0,276.0,COMPLETED
03ad9893a12067dd8842015b,baseline,0,2706181.0,0.0,17464.5,COMPLETED
36aa65ae37f9cb41b6838d8d,baseline,0,2732965.0,0.0,24.0,COMPLETED
10d92563a979e1f1a0459904,baseline,1,2720569.0,0.0,13176.0,COMPLETED
71ea057d2dee00e062401fe1,baseline,1,2734171.0,0.0,982.0,COMPLETED
7cac722075debc1d85301711,baseline,0,2736541.0,0.0,54.0,COMPLETED
19fba6521e1ef146ee8245cf,baseline,3,2732429.0,0.0,4716.0,COMPLETED
3ea6d8e0ef9c4d18e15c8470,baseline,1,2736348.0,0.0,1950.0,COMPLETED
37dadcc8250fae97e21c38b2,baseline,1,2741064.0,0.0,166.0,COMPLETED
556083460b83e671d751ac0a,baseline,1,2741453.0,0.0,49.0,COMPLETED
11974698a58dcc066a3916e7,baseline,1,2744662.0,0.0,3184.0,COMPLETED
7940dc67394a53e038d97c34,baseline,1,2754842.0,0.0,423.0,COMPLETED
6e43195f971e5726878f7fdf,baseline,0,2729967.0,0.0,29315.0,COMPLETED
3f6e32003f3a5fb68515655f,baseline,1,2756530.0,0.0,6133.0,COMPLETED
b54469320b4c2659d01d8f0d,baseline,2,2729996.0,0.0,34312.0,COMPLETED
6811391d68a23e9cf8ce9b10,baseline,3,2770490.0,0.0,663.0,COMPLETED
533d93878bdf541d177465e9,baseline,2,2769163.0,0.0,3762.0,COMPLETED
0d64765deacbe701c6535d19,baseline,1,2768364.0,0.0,9345.0,COMPLETED
5f0809d08fc7d375e14fa7a5,baseline,1,2778327.0,0.0,408.0,COMPLETED
2bebeae79821b6a4f7bfbf3e,baseline,0,2758801.0,0.0,21414.0,COMPLETED
8726accddffbdc0387c328fd,baseline,1,2779701.0,0.0,1342.0,COMPLETED
f42cf7f13ded6244c5334a74,baseline,0,2780261.0,0.0,834.0,COMPLETED
12edc7fbe2f7ed1ea13b2b46,baseline,2,2780001.0,0.0,7370.0,COMPLETED
8ff1f185b2f90028f756fa90,baseline,3,2756939.0,0.0,32035.0,COMPLETED
c295c630e77c94ea0bfb109e,baseline,3,2789367.0,0.0,364.0,COMPLETED
5b4c7561e5ec48e0c3b0a529,baseline,1,2789371.0,0.0,636.0,COMPLETED
55491b137153595f3948addb,baseline,2,2789678.0,0.0,963.0,COMPLETED
0eac911db16ccf04d5e01e66,baseline,2,2787745.0,0.0,4124.0,COMPLETED
df33c0c4b76d46e930d2afc1,baseline,2,2792092.0,0.0,266.0,COMPLETED
9ca3ab78a0c7475a704bfe83,baseline,1,2787508.0,0.0,4980.0,COMPLETED
987a236bd06007f9088be285,baseline,0,2786364.0,0.0,8897.0,COMPLETED
0d3928caad3bc0bc6a2e83ad,baseline,0,2795304.0,0.0,80.0,COMPLETED
c32cc544e1ac807e596d2077,baseline,0,2795511.0,0.0,56.0,COMPLETED
232b18f32e4606c63764a56a,baseline,3,2800571.0,0.0,290.0,COMPLETED
8d5ebdefffe4460cf52158af,baseline,1,2800769.0,0.0,334.0,COMPLETED
68bf697bed1c909a456da910,baseline,2,2800395.0,0.0,4138.0,COMPLETED
2b9322f0ac7bfb89bca7ca8f,baseline,1,2800310.0,0.0,4367.0,COMPLETED
802ed542f3c271c2fbe61212,baseline,0,2800647.0,0.0,4404.0,COMPLETED
9adca852d5d36a1320a6c3ee,baseline,1,2805204.0,0.0,48.0,COMPLETED
ec6f635a944072d38650de96,baseline,2,2808220.0,0.0,53.0,COMPLETED
0551a291664101191242ae3c,baseline,2,2808336.0,0.0,2067.0,COMPLETED
9497de5e147dab8faf421519,baseline,2,2810507.0,0.0,313.0,COMPLETED
1df49b62489ca5cacdeab340,baseline,0,2797571.0,0.0,13321.0,COMPLETED
50346f97f3ffabf877a0e51a,baseline,2,2819807.0,0.0,45.0,COMPLETED
cdae7407033ca24212aec67b,baseline,3,2821317.0,0.0,61.0,COMPLETED
09a02a7673d9b0d9e6cd1d1a,baseline,3,2824859.0,0.0,349.0,COMPLETED
0d00fedc897ea65ff5172d8d,baseline,2,2820060.0,0.0,6750.0,COMPLETED
90cbc202074c118c037614f2,baseline,3,2826700.0,0.0,708.0,COMPLETED
0557cdd0dfe39c46a41369cd,baseline,2,2829404.0,0.0,1144.0,COMPLETED
ce81a322aaf27c6ccc6bb82f,baseline,3,2830544.0,0.0,185.0,COMPLETED
894080776f6f968b5d20c19f,baseline,2,2834285.0,0.0,2101.0,COMPLETED
3b69d9638f5aa108a02741a9,baseline,3,2835983.0,0.0,2612.0,COMPLETED
ebad876c519fa62bd783c0e7,baseline,0,2812018.0,0.0,29460.0,COMPLETED
57acd52d03d69178c7456291,baseline,0,2845586.0,0.0,1153.0,COMPLETED
6e7542ce7627e84219f66740,baseline,3,2856423.0,0.0,3010.0,COMPLETED
5764c8f645eb622d98fa425a,baseline,0,2858710.0,0.0,1651.0,COMPLETED
0a8d9b1d5e9df69daf67e237,baseline,2,2837079.0,0.0,23302.0,COMPLETED
6403e345ebb6c4cd6c134f84,baseline,0,2861160.0,0.0,134.0,COMPLETED
408af3dc9f99d8adc113a29c,baseline,3,2861127.0,0.0,2781.0,COMPLETED
a0f226b1ffb7e5f950d664b0,baseline,0,2862694.0,0.0,1238.0,COMPLETED
7daa6adeb0469e8c39577835,baseline,2,2859201.0,0.0,4774.0,COMPLETED
bb6143c815524ae11857b7b2,baseline,3,2866642.0,0.0,99.0,COMPLETED
b026ff14b57b69994d8a8b23,baseline,3,2867275.0,0.0,1394.0,COMPLETED
e999bf31174e23bbf8b6c75b,baseline,0,2855009.0,0.0,13713.0,COMPLETED
9ab1bc7b876aafa1f171900a,baseline,0,2869974.0,0.0,358.0,COMPLETED
62e61a87983d6c8672ac1ee0,baseline,0,2871311.0,0.0,58.0,COMPLETED
6cb8e465254299f42342cf5a,baseline,0,2871673.0,0.0,596.0,COMPLETED
21fc97ebaa83c80adf8fab2b,baseline,0,2876024.0,0.0,597.0,COMPLETED
1a48d06a23710605d5b022f0,baseline,3,2880146.0,0.0,96.0,COMPLETED
a7c55e46a801b83e7abc4262,baseline,3,2880652.0,0.0,385.0,COMPLETED
f05f483f31d22703a7bf9d26,baseline,2,2863057.0,0.0,22998.0,COMPLETED
e0e29270e8aba4025b300d1e,baseline,3,2865691.0,0.0,21838.0,COMPLETED
901985c55073402639f8c3d1,baseline,2,2887236.0,0.0,1127.0,COMPLETED
308cf1c822b544274b8e56a9,baseline,2,2890254.0,0.0,1118.0,COMPLETED
10a841dfaece515b4b9ed2f2,baseline,3,2890277.0,0.0,1922.0,COMPLETED
9b46fd3dd6cd3f68497670f5,baseline,1,2805425.0,0.0,90479.0,COMPLETED
50058ed8f1af44c7e24fbc04,baseline,2,2899468.0,0.0,204.0,COMPLETED
fac4de10adc100058d5e9f87,baseline,1,2895984.0,0.0,3984.0,COMPLETED
293b3fa1fa4430edda4f13eb,baseline,1,2900698.0,0.0,162.0,COMPLETED
6906dfda6a4505f91692e776,baseline,0,2876728.0,0.0,29446.0,COMPLETED
4381c20a8cd46a4d0d10fcd0,baseline,0,2909964.0,0.0,158.0,COMPLETED
6f247d1be962af63b414eefb,baseline,0,2912913.0,0.0,174.0,COMPLETED
b5ee66ea28d9ac3f6c37f7c7,baseline,0,2919720.0,0.0,332.0,COMPLETED
7164cc29db167f85ac916f7f,baseline,0,2927826.0,0.0,445.0,COMPLETED
9e076a75cc731d7dd68bd15d,baseline,1,2927968.0,0.0,984.0,COMPLETED
b38a654713f3130a678cee02,baseline,0,2929690.0,0.0,35.0,COMPLETED
8abe47f2a5c0d173d3be78ca,baseline,2,2928033.0,0.0,2290.0,COMPLETED
57e5102810c92d1f9cb6d3c2,baseline,3,2928137.0,0.0,2645.0,COMPLETED
d417e0e589406dd66e947254,baseline,0,2934118.0,0.0,63.0,COMPLETED
be2f74e6ee39d87aef8ced33,baseline,1,2939120.0,0.0,207.0,COMPLETED
c1564050399d4d409f7b7104,baseline,0,2935638.0,0.0,5097.0,COMPLETED
af5f832b64843ede96dc2d8f,baseline,0,2947678.0,0.0,211.0,COMPLETED
90ae3f7b61b442e2f6a7b8ba,baseline,1,2949933.0,0.0,1527.0,COMPLETED
6eabab41b1901dcb1d2136e9,baseline,2,2955411.0,0.0,150.0,COMPLETED
97ebf723b8a6a20e190a3c96,baseline,2,2955854.0,0.0,532.0,COMPLETED
78f19dedeab2bcd86bd92d3e,baseline,3,2955859.0,0.0,1521.0,COMPLETED
96561cbd4121b06f5daeb38d,baseline,1,2953869.0,0.0,4943.0,COMPLETED
28d1cf77e3142f3075d9886a,baseline,1,2961026.0,0.0,367.0,COMPLETED
2cfef3f5336d09b8f21463ad,baseline,1,2962311.0,0.0,151.0,COMPLETED
d271643d13ee92cdebf8fab3,baseline,1,2962560.0,0.0,164.0,COMPLETED
ee9541c14e8e5918aa3be14a,baseline,2,2964384.0,0.0,35.0,COMPLETED
01a4c6f67f043a339b0297e3,baseline,1,2964185.0,0.0,336.0,COMPLETED
ef76f16e1077b1af8bde8a19,baseline,2,2967191.0,0.0,303.0,COMPLETED
e479b9c9f92f4164ac090ce0,baseline,1,2967151.0,0.0,416.0,COMPLETED
11607b7fbfeac38b1720f7eb,baseline,0,2949547.0,0.0,20308.0,COMPLETED
0221852db0d38e6953ef29d3,baseline,1,2971161.0,0.0,266.0,COMPLETED
be891f789bfe684cef2c655a,baseline,0,2969926.0,0.0,3332.0,COMPLETED
2c62a4a6d4338b916ea57245,baseline,0,2973713.0,0.0,341.0,COMPLETED
d0f9a68ce68cf1ca6df0868e,baseline,0,2974421.0,0.0,270.0,COMPLETED
dc628e7fd38433fad4831296,baseline,1,2973899.0,0.0,3134.0,COMPLETED
41cef949ebf1173b2b248753,baseline,0,2979329.0,0.0,78.0,COMPLETED
5afd2a9784d80c2f37e1e7a0,baseline,1,2980008.0,0.0,140.0,COMPLETED
5ac7f0114ab3813802040655,baseline,1,2980344.0,0.0,1045.0,COMPLETED
0dcde5534627323616849590,baseline,0,2979854.0,0.0,2235.0,COMPLETED
25913f9c44507f79d0a64a47,baseline,0,2984518.0,0.0,411.0,COMPLETED
89de1220ab8ab949850675ce,baseline,0,2985701.0,0.0,2311.0,COMPLETED
c571a92331585827071037d0,baseline,0,2989458.0,0.0,207.0,COMPLETED
5a5797066a9b1a753807045d,baseline,0,2996887.0,0.0,142.0,COMPLETED
aa6b61a2503e04de50444d02,baseline,0,2997164.0,0.0,604.0,COMPLETED
7b250fbfdb47113f38911edb,baseline,2,3000916.0,0.0,357.0,COMPLETED
62a4aa7af2db9060617f06b5,baseline,0,2999910.0,0.0,1834.0,COMPLETED
567523846c7f31dc058b530f,baseline,1,3000660.0,0.0,4898.0,COMPLETED
faaf5ea86487e51951012d56,baseline,2,3004353.0,0.0,1743.0,COMPLETED
143869d272f379f0c013882b,baseline,0,3002387.0,0.0,4066.0,COMPLETED
92a8775b4fa55826eb43537b,baseline,2,3007905.0,0.0,93.0,COMPLETED
332d4db43f49283bcc364a38,baseline,0,3006859.0,0.0,1556.0,COMPLETED
59f3694aa0dd5451b2298e9e,baseline,0,3008743.0,0.0,1044.0,COMPLETED
df8cc22afd633f1bc3d96ddb,baseline,2,3009354.0,0.0,6413.0,COMPLETED
e096bb6266169542fd84a450,baseline,0,3017476.0,0.0,656.0,COMPLETED
1958fb569e275caca295724b,baseline,2,3024035.0,0.0,309.0,COMPLETED
147b67f9d01329b7580c0c52,baseline,0,3023706.0,0.0,1131.0,COMPLETED
b5d708a6f5e40335d70690ae,baseline,1,3005610.0,0.0,26096.0,COMPLETED
2f59d0c03de2ee46a14e1f19,baseline,0,3032508.0,0.0,769.0,COMPLETED
3ae2c0ee73cb0d6505541b5c,baseline,2,3033013.0,0.0,1815.0,COMPLETED
bdd742c2ab09f4a9ea4e6b05,baseline,3,3033214.0,0.0,1797.0,COMPLETED
d06c1acc0118e84d205d4e48,baseline,0,3034987.0,0.0,94.0,COMPLETED
e28a97954a2df09e23960618,baseline,1,3032969.0,0.0,2215.0,COMPLETED
0f6186b5fbb5760a72a07c62,baseline,0,3035638.0,0.0,272.0,COMPLETED
fab51ea1c6144420bb56f850,baseline,0,3036299.0,0.0,267.0,COMPLETED
f7aa03a8eb630c7ecebc4da5,baseline,0,3041207.0,0.0,297.0,COMPLETED
66cd00c92501103c2bc460e2,baseline,2,3045178.0,0.0,247.0,COMPLETED
d410943f542acbe1d5fb5fdb,baseline,2,3046860.0,0.0,235.0,COMPLETED
11c32d5cbb49427ff38e068e,baseline,1,3047788.0,0.0,34.0,COMPLETED
e53ae04be2102bc695268772,baseline,2,3047812.0,0.0,436.0,COMPLETED
66373c84dc70fa0ec7842745,baseline,3,3047656.0,0.0,739.0,COMPLETED
2385aab8410cebc2ecc72b23,baseline,1,3036470.0,0.0,12451.5,COMPLETED
2f8cbfdcda566121091488aa,baseline,3,3053629.0,0.0,28.0,COMPLETED
238adee6a579335c6ad0c0da,baseline,3,3054748.0,0.0,218.0,COMPLETED
bc70be75768b615e05c605d0,baseline,1,3053013.0,0.0,3039.0,COMPLETED
e11701e33f0e71595ec330c7,baseline,0,3043737.0,0.0,12615.0,COMPLETED
6b97fcd3150a9f8b65422300,baseline,0,3060492.0,0.0,17.0,COMPLETED
0fd586bf3a7ebe6c324bc7bf,baseline,0,3060946.0,0.0,348.0,COMPLETED
86fb3a28b9b353c06018d23a,baseline,0,3061504.0,0.0,63.0,COMPLETED
54d513cdb7a6f0c06c8b9b1c,baseline,0,3062963.0,0.0,56.0,COMPLETED
631eedc92dae1545bfcf6f97,baseline,2,3047172.0,0.0,17773.0,COMPLETED
01504478c83a4fcd1d5c915f,baseline,0,3065918.0,0.0,339.0,COMPLETED
e726de24ed5179f9ab9175c7,baseline,0,3067763.0,0.0,1750.0,COMPLETED
6c387bfe4ee9165edfbceedb,baseline,1,3071337.0,0.0,958.0,COMPLETED
0bea135d72fbbbc9d17c9e12,baseline,1,3075296.0,0.0,636.0,COMPLETED
b77d1ec406033131e049fe75,baseline,1,3076656.0,0.0,195.0,COMPLETED
cd7a81a712500b6baf6e02aa,baseline,0,3070050.0,0.0,7336.0,COMPLETED
fa22bcb1cd821ea862f8f293,baseline,0,3080988.0,0.0,2396.0,COMPLETED
b2bc7dae67e83ebe20a8cd2d,baseline,1,3090803.0,0.0,382.5,COMPLETED
f227d2942e29c38fd0fc30e4,baseline,1,3092414.0,0.0,213.0,COMPLETED
f46fc827e9392b294a49f433,baseline,0,3087617.0,0.0,5300.0,COMPLETED
255dc3096864b949c4eaed5f,baseline,0,3096050.0,0.0,145.5,COMPLETED
b8650ea7c4fb37f9b1f227bd,baseline,0,3101051.0,0.0,211.0,COMPLETED
14cbeceb571a719a4aedf03d,baseline,0,3110522.0,0.0,70.0,COMPLETED
20f377582fd997447bdadd00,baseline,3,3118608.0,0.0,371.0,COMPLETED
bacae1c91966c0030b51ce40,baseline,1,3115060.0,0.0,4412.0,COMPLETED
63ae2dc4af0001da642b1d81,baseline,2,3117673.0,0.0,3060.0,COMPLETED
fe95e1175b0f51c8a0e6ad00,baseline,3,3125112.0,0.0,895.0,COMPLETED
2bba75069e4ed5a786c96f3b,baseline,0,3112679.0,0.0,22144.0,COMPLETED
1bf17ff77568ee1e29539343,baseline,3,3137164.0,0.0,177.0,COMPLETED
137351ed061dbb2999654f6d,baseline,3,3137255.0,0.0,387.0,COMPLETED
b3a4e6f65070adaea07626d2,baseline,3,3138840.0,0.0,1736.0,COMPLETED
e9eef4160553114e3338a493,baseline,2,3140180.0,0.0,605.0,COMPLETED
c2b099b71062a5e504cdb1fe,baseline,3,3141000.0,0.0,29.0,COMPLETED
63b67c879f6f47f87276ced8,baseline,0,3136907.0,0.0,4266.0,COMPLETED
9ba8083652e6dc6d58045eae,baseline,3,3139163.0,0.0,3217.0,COMPLETED
adf76d4c0a4e34406f584379,baseline,0,3142414.0,0.0,104.0,COMPLETED
8352f99ae40ae66c1702a910,baseline,3,3145923.0,0.0,36.0,COMPLETED
d68304f4d6cbd5143ccb174d,baseline,3,3144934.0,0.0,1281.0,COMPLETED
40ad2e566b96d621e35a804b,baseline,3,3151977.0,0.0,34.0,COMPLETED
ab4bfcb0e39be4a799470b1c,baseline,1,3120714.0,0.0,32460.0,COMPLETED
aeadc1588344ac523af5b065,baseline,3,3154611.0,0.0,36.0,COMPLETED
2a1622bee7afb77683c1bc7d,baseline,1,3156496.0,0.0,112.5,COMPLETED
5b6541be922e3e6ec42b08bc,baseline,3,3157113.0,0.0,114.0,COMPLETED
b8ec6e479bb0dab39405829f,baseline,1,3154426.0,0.0,2846.0,COMPLETED
9ed98db8552248dfa30ad28c,baseline,1,3157286.0,0.0,38.0,COMPLETED
995b0c8cc2cd30ad14606636,baseline,1,3156692.0,0.0,816.0,COMPLETED
00ff5a77794e66646b961ab2,baseline,3,3154975.0,0.0,3624.0,COMPLETED
8ab79568c6e9ebecf4a63212,baseline,0,3156388.0,0.0,8558.0,COMPLETED
ba8eb1d2f1dbc24a052bc7c1,baseline,0,3170451.0,0.0,355.0,COMPLETED
e0d33494920fdb18d4974673,baseline,2,3121194.0,0.0,50052.0,COMPLETED
9e9517204cad4fe9e69ea50f,baseline,2,3171367.0,0.0,54.0,COMPLETED
9c403f9ecc24eb3461b22402,baseline,1,3171205.0,0.0,219.0,COMPLETED
da56ca7534a323855f0100d2,baseline,0,3171025.0,0.0,552.0,COMPLETED
5a21296e7c03fc6fa1f2e377,baseline,2,3174402.0,0.0,53.0,COMPLETED
6f8ac83c2e9cbb71098e795a,baseline,1,3183460.0,0.0,118.0,COMPLETED
731cc9014df831e13306785a,baseline,0,3181010.0,0.0,3193.0,COMPLETED
91d36695399743f9f09d1942,baseline,0,3187105.0,0.0,37.0,COMPLETED
4cc5a0c98e0ce06dfde736e3,baseline,2,3177473.0,0.0,11053.0,COMPLETED
f75874a63504d5f68379f406,baseline,2,3189206.0,0.0,34.0,COMPLETED
81c3c235ba9c6ddf60a7a7b0,baseline,0,3187879.0,0.0,7553.0,COMPLETED
ea3f391bd3815a8ad800bbd4,baseline,3,3168461.0,0.0,36800.0,COMPLETED
e864abb0fb0223921c9eadcf,baseline,2,3197314.0,0.0,12815.0,COMPLETED
41da5cdf110d7b812bcb1d22,baseline,3,3209983.0,0.0,648.0,COMPLETED
4063252bc323e4e4425a60ff,baseline,2,3211344.0,0.0,53.0,COMPLETED
e6c707919d1d2fea67581bad,baseline,2,3211599.0,0.0,266.0,COMPLETED
757d63185ad98e96f359cc10,baseline,2,3212320.0,0.0,246.0,COMPLETED
9a66a9afb5ddc7b1b312d9ef,baseline,2,3221225.0,0.0,39.0,COMPLETED
4b5d3f939d208e3142a27816,baseline,3,3224405.0,0.0,176.0,COMPLETED
5cc6d2abb5c3d30ad35ed3a2,baseline,2,3221890.0,0.0,2754.0,COMPLETED
93761a50fe6389cd38ddc33c,baseline,2,3229267.0,0.0,407.0,COMPLETED
3cdddac281e5ca452d236dcf,baseline,3,3232457.0,0.0,196.0,COMPLETED
b5a49fd7a4f8d2a66c89bf92,baseline,3,3234036.0,0.0,68.0,COMPLETED
96970b26bbdc04bb5b8fbfc3,baseline,3,3239924.0,0.0,35.0,COMPLETED
978e6305079762069e02e6d6,baseline,2,3232182.0,0.0,8677.0,COMPLETED
39b70299b47684f3cd8422e3,baseline,2,3255388.0,0.0,1909.0,COMPLETED
64b195d3a53388dc5fd1b28c,baseline,3,3260234.0,0.0,378.0,COMPLETED
f2175fe874d538ea9c0dad95,baseline,2,3260160.0,0.0,2327.0,COMPLETED
45941437fc5bfb460a557f0b,baseline,2,3265794.0,0.0,223.0,COMPLETED
866c6bd39ee210a507fa6d47,baseline,2,3273017.0,0.0,1425.0,COMPLETED
038b9bc04f4d2e0c3c4e63fa,baseline,3,3279107.0,0.0,505.0,COMPLETED
12349e40fac2c6f93b4aaa18,baseline,3,3280221.0,0.0,355.0,COMPLETED
3b60ecb907c212c5e1f4e745,baseline,3,3283969.0,0.0,1238.0,COMPLETED
567e040e1e146a37c6dcd458,baseline,3,3286235.0,0.0,13.0,COMPLETED
607200c9dc301cac80e3b685,baseline,2,3277133.0,0.0,11266.0,COMPLETED
9c1bd9d0be949d6ebe186731,baseline,2,3288379.0,0.0,28.0,COMPLETED
30c1d5769de1e680cc637612,baseline,3,3286981.0,0.0,5368.0,COMPLETED
c3cf848432d6a5a4d460af57,baseline,2,3295255.0,0.0,138.0,COMPLETED
bb6780ae065f116a73d7d231,baseline,3,3297291.0,0.0,108.0,COMPLETED
3f4e16469ebfed41130f2676,baseline,2,3296642.0,0.0,1314.0,COMPLETED
3ab9a01c80c6344ba828c79f,baseline,2,3297983.0,0.0,34.0,COMPLETED
059b06206db6b23d3fdf621a,baseline,2,3299558.0,0.0,3412.0,COMPLETED
9e6418e448cddf91fccdd513,baseline,0,3284739.0,0.0,19789.0,COMPLETED
83dfed911454faa88425bb20,baseline,2,3303102.0,0.0,2104.0,COMPLETED
bbb334804ac0b6da32ef9c61,baseline,0,3318837.0,0.0,4336.0,COMPLETED
d7462de5bb62c07d1315d400,baseline,2,3322788.0,0.0,586.0,COMPLETED
077e836411e6a770dffdaeaf,baseline,1,3288242.0,0.0,38424.0,COMPLETED
a743bfc7e0f815b90263bd87,baseline,2,3317505.0,0.0,12521.0,COMPLETED
4ca11b19543f7db673436453,baseline,2,3330586.0,0.0,5362.0,COMPLETED
d47811b795e617951d020058,baseline,0,3333122.0,0.0,3775.0,COMPLETED
101ebf641e8d4eef2e1aa599,baseline,0,3142750.0,0.0,195703.0,COMPLETED
feed1edfddf196346b06db5b,baseline,0,3339215.0,0.0,88.0,COMPLETED
6712c774bf98207395836f71,baseline,3,3299782.0,0.0,44335.0,COMPLETED
f0afd6724adb9fbbbf94b405,baseline,0,3343776.0,0.0,6672.0,COMPLETED
a7369d03d9b75d0de9477bad,baseline,2,3346078.0,0.0,4690.0,COMPLETED
2d6df242ab8978a3f9302224,baseline,2,3358882.0,0.0,399.0,COMPLETED
f7c62dbda50774fae53dd16b,baseline,2,3361456.0,0.0,185.0,COMPLETED
3c3b0aa71cc8f60ad6a39282,baseline,2,3371510.0,0.0,661.0,COMPLETED
d43c252f6c0d994fd051128c,baseline,2,3374223.0,0.0,63.0,COMPLETED
f7fcbe7e859a327124fb21cb,baseline,0,3355091.0,0.0,19629.0,COMPLETED
dd8ea188ff1828a560514b72,baseline,0,3377273.0,0.0,475.5,COMPLETED
4536aaee212e8128db253ef9,baseline,2,3381132.0,0.0,28.0,COMPLETED
7a2196b921c79d36233b2fff,baseline,3,3383440.0,0.0,90.0,COMPLETED
12f71d9d223f6b11bb1dc886,baseline,3,3384060.0,0.0,377.0,COMPLETED
ab9e31b52cf571ebb34d5dde,baseline,0,3380601.0,0.0,4014.0,COMPLETED
7b1916999fc6c5bf3d4e437f,baseline,0,3384949.0,0.0,741.0,COMPLETED
5650ae0299c7f174187a5507,baseline,1,3388860.0,0.0,273.0,COMPLETED
418151e25321be4e50a1bd7f,baseline,0,3387692.0,0.0,3157.0,COMPLETED
9f017ed60474001542214140,baseline,3,3387693.0,0.0,5406.0,COMPLETED
6ff5ccb47e5c17b072a82a61,baseline,0,3393045.0,0.0,55.0,COMPLETED
afe0769e231604ba99b51563,baseline,0,3392787.0,0.0,2037.0,COMPLETED
b229ae32aeb034360fee4746,baseline,1,3159927.0,0.0,235355.0,COMPLETED
f495a711b9228eb7d40e788c,baseline,0,3395060.0,0.0,616.0,COMPLETED
aa6b70c89f223c4c01c40566,baseline,0,3396333.0,0.0,1607.0,COMPLETED
251278f770eefb0d4c922375,baseline,0,3398535.0,0.0,58.0,COMPLETED
bcc6ded1f0c92182de4b0ae4,baseline,0,3399967.0,0.0,98.0,COMPLETED
f14f065efec0c42a0dee3c34,baseline,2,3381580.0,0.0,19065.0,COMPLETED
38380cc328ddc88bcac38617,baseline,0,3402156.0,0.0,61.0,COMPLETED
7c796665c7975ddff90f2227,baseline,0,3402327.0,0.0,39.0,COMPLETED
e69d865f484e0788bd57d3e3,baseline,0,3403232.0,0.0,445.0,COMPLETED
55075aeaf24693a4eac5fb64,baseline,1,3393072.0,0.0,14463.0,COMPLETED
c03789538f8920a6c4af3ca7,baseline,0,3407047.0,0.0,1669.0,COMPLETED
90945ebb5cfe93917905ae58,baseline,0,3411648.0,0.0,123.0,COMPLETED
7b2e55d7c0c32f0070d02435,baseline,0,3415671.0,0.0,1527.0,COMPLETED
0f7f00e2365b2278c4570c11,baseline,2,3416745.0,0.0,497.0,COMPLETED
0222db2d72b5859b3f181167,baseline,0,3420254.0,0.0,214.0,COMPLETED
00a627acf201e0b633ce5e84,baseline,0,3422432.0,0.0,125.0,COMPLETED
4d863cceb2e719ea00246221,baseline,1,3415892.0,0.0,14442.0,COMPLETED
fe46fc0099ada25e472c2066,baseline,0,3432820.0,0.0,3292.0,COMPLETED
b50e9130c84d010b89a2c1df,baseline,0,3438438.0,0.0,1812.0,COMPLETED
556562cd886f38040e647c7e,baseline,2,3443859.0,0.0,61.0,COMPLETED
e42a7cbeb3aa7c762293adf3,baseline,1,3443749.0,0.0,326.0,COMPLETED
195aeeb0ed8ecfa9fff64004,baseline,1,3457076.0,0.0,360.0,COMPLETED
261017a00c98c4fa077a1a77,baseline,2,3460169.0,0.0,2840.0,COMPLETED
70ddf004cc2c978cd08c04ef,baseline,0,3443145.0,0.0,20278.0,COMPLETED
7a5189897c6094708358400f,baseline,0,3463526.0,0.0,1409.0,COMPLETED
acb08f42a128849b3a0b88c6,baseline,2,3469057.0,0.0,111.0,COMPLETED
266084c325a1456fc6afbfbf,baseline,2,3469660.0,0.0,24.0,COMPLETED
2fc941c8c4608c1a5163cc6b,baseline,0,3468619.0,0.0,3773.0,COMPLETED
06371fda73089d6b2f9dadbf,baseline,2,3472239.0,0.0,304.0,COMPLETED
5c7176f1204dd4dfafaf510f,baseline,0,3472551.0,0.0,173.0,COMPLETED
fee8be8f4056991d69c909b5,baseline,0,3478224.0,0.0,1322.0,COMPLETED
d4e1756270188ff984ffacea,baseline,2,3478277.0,0.0,1439.0,COMPLETED
12ecc2c8ab24cc0abe18456a,baseline,0,3479495.0,0.0,1964.0,COMPLETED
b8d972f4a059499fc3c8d1c6,baseline,0,3485520.0,0.0,93.0,COMPLETED
7f776fda9267fd581aea303c,baseline,2,3481303.0,0.0,6311.0,COMPLETED
162a38f54a57f427b57c4b60,baseline,3,3479217.0,0.0,9596.0,COMPLETED
b96059dddc96b165964fe6ea,baseline,0,3487889.0,0.0,1140.0,COMPLETED
24d05845cdfb9462ab3a1b71,baseline,2,3487991.0,0.0,1694.0,COMPLETED
e7d91880ed53fd81a5fb981f,baseline,0,3491899.0,0.0,2682.0,COMPLETED
fe548e0bb858bc0969b6021c,baseline,0,3497187.0,0.0,24.0,COMPLETED
733891e7e3c9384608b5f3ff,baseline,2,3498978.0,0.0,648.0,COMPLETED
75adb11327900d753e4ad597,baseline,2,3500389.0,0.0,356.0,COMPLETED
dd7f766eaca8e1affe47167d,baseline,0,3498551.0,0.0,5089.0,COMPLETED
4ba8d282c94ddee4f52582ed,baseline,0,3504818.0,0.0,1884.0,COMPLETED
a709f178fb2210763f71552b,baseline,3,3514093.0,0.0,48.0,COMPLETED
e5c20cfaee9a65007169c7fd,baseline,3,3516189.0,0.0,566.0,COMPLETED
e63430e4da03362c2ac5ec9f,baseline,0,3509964.0,0.0,6959.0,COMPLETED
48f091876a796d05883198cf,baseline,0,3517722.0,0.0,2276.0,COMPLETED
41e371d6f7df5e51e9e05e62,baseline,0,3517934.0,0.0,3474.0,COMPLETED
d8413ad4b46d6165d200e173,baseline,0,3532843.0,0.0,786.0,COMPLETED
d35851c587631a452dccb703,baseline,0,3537482.0,0.0,30.0,COMPLETED
e51b23ce0025b9232338e41a,baseline,0,3541937.0,0.0,35.0,COMPLETED
3716d0dd5dc58322a0675fcf,baseline,0,3545180.0,0.0,132.0,COMPLETED
e2a36633df3de2a8ce563b05,baseline,2,3510640.0,0.0,34911.0,COMPLETED
59d85c5c9c23359e17bf0231,baseline,0,3546404.0,0.0,63.0,COMPLETED
27f4bc4a87f7f939040403f8,baseline,2,3551339.0,0.0,206.0,COMPLETED
70f98b9731a5715d4ed11aa7,baseline,0,3551340.0,0.0,449.0,COMPLETED
708789d4cd847443954c2a66,baseline,3,3517878.0,0.0,36460.0,COMPLETED
4030a4b0fbd0b291874e6793,baseline,2,3557321.0,0.0,73.0,COMPLETED
d0bfe58991e050d9f467c161,baseline,3,3558508.0,0.0,326.0,COMPLETED
c0601d400b98aaad802ccba0,baseline,3,3562868.0,0.0,237.0,COMPLETED
a8f881b555916d3d173f1ad6,baseline,2,3557520.0,0.0,6411.0,COMPLETED
c16776dd6856187ecb6f2896,baseline,2,3564966.0,0.0,220.0,COMPLETED
34667342ddf14fa70dbc5d3f,baseline,0,3551013.0,0.0,14357.0,COMPLETED
a3849919132ebaedfac1e238,baseline,2,3573269.0,0.0,36.0,COMPLETED
4519514610da71ffeee467e0,baseline,0,3568924.0,0.0,5448.0,COMPLETED
80b0dd5a7c6aa9ecb2461ffe,baseline,0,3576646.0,0.0,2622.0,COMPLETED
986809cc33b26fd5f431c1c6,baseline,3,3588666.0,0.0,860.0,COMPLETED
9cf382542523e84df94d722e,baseline,3,3590706.0,0.0,719.0,COMPLETED
89811ab8ddd0c5f1ad0f8ef7,baseline,2,3583799.0,0.0,12860.0,COMPLETED
40080ff0aefa6b8290e43508,baseline,2,3597046.0,0.0,360.0,COMPLETED
d5ccbea71965206cc4182d06,baseline,2,3597779.0,0.0,83.0,COMPLETED
208937ffd6c9265334305435,baseline,0,3582588.0,0.0,16342.0,COMPLETED
df0ef692e37e77a67c4ff050,baseline,0,3600993.0,0.0,415.0,COMPLETED
05912b10f1884c6a161f2edb,baseline,0,3602716.0,0.0,35.0,COMPLETED
94f872b3522741e84e20dbe7,baseline,2,3606857.0,0.0,228.0,COMPLETED
acc347f689f4a947fae5f213,baseline,0,3606141.0,0.0,4382.0,COMPLETED
de63ce370b4cf31719cebb54,baseline,2,3607860.0,0.0,4050.0,COMPLETED
1e9263ce83d0e83ac288af18,baseline,3,3596200.0,0.0,17215.0,COMPLETED
fc4619f048eb2e8016b50cbd,baseline,1,3609360.0,0.0,5430.0,COMPLETED
3e4adb553c139a2fde8c25db,baseline,0,3613100.0,0.0,5557.0,COMPLETED
bf7b54d7aa633f8e91474956,baseline,2,3598037.0,0.0,21069.0,COMPLETED
331c3613cadec5dc49f86e7b,baseline,0,3608533.0,0.0,10921.0,COMPLETED
4d017ac8355e6411093ca9ce,baseline,2,3622223.0,0.0,13.0,COMPLETED
a354e34c4e9ad0f272552155,baseline,2,3624063.0,0.0,23.0,COMPLETED
76091a5cb8ab2424a0a6166a,baseline,2,3622751.0,0.0,2255.0,COMPLETED
f15ba20f27e118446094ce09,baseline,1,3621976.0,0.0,3855.0,COMPLETED
293b65dc565bedbb13736c7f,baseline,3,3623991.0,0.0,3797.0,COMPLETED
5eefd2bfbd0b7036da714290,baseline,2,3620940.0,0.0,11980.0,COMPLETED
97bcf91890c6b81e3e9a9464,baseline,2,3635305.0,0.0,474.0,COMPLETED
7438f9a29d4c0405ec4e96b5,baseline,3,3635403.0,0.0,447.0,COMPLETED
4aa3bd777a137715daf0fda6,baseline,2,3635815.0,0.0,405.0,COMPLETED
b6dd749f92a19f427dea1bda,baseline,1,3630619.0,0.0,5612.0,COMPLETED
c8977661b7ae2ca304787076,baseline,2,3638799.0,0.0,47.0,COMPLETED
ae1a956167bd07b428525cee,baseline,1,3638707.0,0.0,355.0,COMPLETED
969e556a8089fc1595f9b8e0,baseline,2,3642138.0,0.0,61.0,COMPLETED
1d03d28de544738cb9ea4e04,baseline,2,3633365.0,0.0,8877.0,COMPLETED
996e977ad078253cc4b0e51c,baseline,1,3641846.0,0.0,427.0,COMPLETED
94c8c7b2b06a5814fa2c062b,baseline,2,3647108.0,0.0,158.0,COMPLETED
c383dd4c990768eb2a2e4aea,baseline,2,3649101.0,0.0,93.0,COMPLETED
26163ef7a1649d2290ddefdc,baseline,1,3644909.0,0.0,4537.0,COMPLETED
53dcf070bf1fec2da226e987,baseline,2,3652334.0,0.0,43.0,COMPLETED
e20d54e3edf349287201724c,baseline,3,3653298.0,0.0,20.0,COMPLETED
13fbe71d59236a25d217184f,baseline,3,3653856.0,0.0,624.0,COMPLETED
2ca0c4dccf896bd2f2b1532e,baseline,2,3643039.0,0.0,11702.0,COMPLETED
b0fae6e553356b6042c5a88a,baseline,2,3652572.0,0.0,2475.0,COMPLETED
52f878898cc21102db3df0f1,baseline,1,3650951.0,0.0,4209.0,COMPLETED
f480b97856a29a1269f59799,baseline,2,3658677.0,0.0,265.0,COMPLETED
a2b42490bb3b335d0c82dd76,baseline,2,3669806.0,0.0,64.0,COMPLETED
5a1cdf5528da597815393288,baseline,3,3671562.0,0.0,51.0,COMPLETED
6bef753f6b16c274379f54ca,baseline,2,3663909.0,0.0,8696.0,COMPLETED
65179b6bc3657763e2761bce,baseline,2,3671385.0,0.0,1707.0,COMPLETED
a557256b770655e07539fb08,baseline,3,3620942.0,0.0,56646.0,COMPLETED
7814e0e778337c994e573940,baseline,0,3620378.0,0.0,59707.0,COMPLETED
5f91c2dbbb2a071ae04d7e7a,baseline,0,3681202.0,0.0,517.5,COMPLETED
a94606da199bc36728ae4860,baseline,2,3685135.0,0.0,53.0,COMPLETED
1bf3ef5eca22ed2d4b88fe95,baseline,1,3665793.0,0.0,20135.0,COMPLETED
a1dc1a20cba859a19d7335c6,baseline,1,3688646.0,0.0,180.0,COMPLETED
d105b2275f8117fd9fcd7a49,baseline,1,3689966.0,0.0,189.0,COMPLETED
2f5a71f8d576f00297253e1c,baseline,3,3687966.0,0.0,4895.0,COMPLETED
15a6f8c216d224e084d9cd04,baseline,3,3696169.0,0.0,316.0,COMPLETED
2c0f307914a2e4ed8f8d52f5,baseline,0,3684106.0,0.0,15619.0,COMPLETED
e02ff703610cad6f19e09af2,baseline,3,3697064.0,0.0,4157.0,COMPLETED
7e49fdacd369b43f4f1f6a03,baseline,0,3702704.0,0.0,404.0,COMPLETED
ac4d39c1c0cd86ca440adaaf,baseline,0,3708900.0,0.0,103.0,COMPLETED
43058a38af1c6ff2b450dd9f,baseline,3,3708909.0,0.0,226.0,COMPLETED
aaa8c5e2a122b9d67808228d,baseline,0,3710879.0,0.0,55.0,COMPLETED
c7daa8417394c04ddb518715,baseline,0,3711205.0,0.0,40.0,COMPLETED
f2910ebb550bb39297d6804f,baseline,0,3713551.0,0.0,33.0,COMPLETED
8cd96aba1681ae31ae289b8e,baseline,0,3721285.0,0.0,69.0,COMPLETED
33afc09a55ad107a08ea47ed,baseline,2,3687038.0,0.0,36987.0,COMPLETED
ba42b560afbeeb2122c3b9ee,baseline,0,3723926.0,0.0,152.0,COMPLETED
9263bb7312f1153113b76dad,baseline,0,3722219.0,0.0,4687.0,COMPLETED
bcee57ed537dbd5fd620b669,baseline,0,3729797.0,0.0,213.0,COMPLETED
225b89841545297cc077fe5c,baseline,0,3730147.0,0.0,1084.0,COMPLETED
868318ed8a39aadc18ff2e85,baseline,2,3730734.0,0.0,2176.0,COMPLETED
a48ca542a1de48470be8cc66,baseline,2,3734850.0,0.0,111.0,COMPLETED
49d0d0c3a45f36a7a6db493e,baseline,2,3736315.0,0.0,670.0,COMPLETED
325fe17e67975df00ddfbe1b,baseline,0,3736952.0,0.0,741.0,COMPLETED
050ec9eb8ac59feedf73b022,baseline,3,3723536.0,0.0,16871.0,COMPLETED
04d822be13d6ab476022a943,baseline,0,3732639.0,0.0,13035.0,COMPLETED
5b74e7ab697f9baf28e7530a,baseline,0,3745930.0,0.0,72.0,COMPLETED
e24b8696d17fa713314bfbd4,baseline,3,3747069.0,0.0,91.0,COMPLETED
6b79eece52d8afc43caf7288,baseline,3,3747776.0,0.0,28.0,COMPLETED
0237c74f032658dcc7050267,baseline,0,3746667.0,0.0,1462.0,COMPLETED
d2d6ffe0b0a54ae68bf58a06,baseline,0,3752724.0,0.0,683.0,COMPLETED
d3d25155260a9c4da18d7681,baseline,0,3754101.0,0.0,37.0,COMPLETED
881ef68f29389d11130f53f6,baseline,2,3740644.0,0.0,14127.0,COMPLETED
4449b11cb1986006a63f78c5,baseline,3,3754635.0,0.0,257.0,COMPLETED
ad9d232b2261087b87f84c34,baseline,0,3754228.0,0.0,688.0,COMPLETED
edaa851bd879797842611db9,baseline,0,3755938.0,0.0,274.0,COMPLETED
a556126363622281e9a58058,baseline,3,3756795.0,0.0,227.0,COMPLETED
3b162ba2d9209dae89acb737,baseline,0,3756756.0,0.0,405.0,COMPLETED
9eb83cf196d285dfdc7dc872,baseline,2,3756137.0,0.0,2448.0,COMPLETED
83e8f4b84f4187bfbd7a4964,baseline,1,3458468.0,0.0,301175.0,COMPLETED
39090d868fbf513e84ef9bbf,mas,3,1094461.0,0.0,100.0,COMPLETED
45acbbb2e8655c2e43378c2e,mas,0,1092080.0,0.0,2798.0,COMPLETED
1ed5cf79388b3b945d03e87c,mas,0,1097431.0,0.0,50.0,COMPLETED
f8d19c29329167e40ea172ca,mas,0,1097906.0,0.0,13.0,COMPLETED
53d6e46ea1dccfb8e108e1e0,mas,1,1101161.0,0.0,8.0,COMPLETED
097653c4650a42823edbfd85,mas,0,1100849.0,0.0,5940.0,COMPLETED
d3d3dd142417b6ea34b7a010,mas,2,1112157.0,0.0,52.0,COMPLETED
7371eb3cead49a7059b74791,mas,2,1093583.0,0.0,26359.0,COMPLETED
811542e382ff75528b17e6ba,mas,0,1122361.0,0.0,64.0,COMPLETED
5f5d59a1ea6d60f3900d9bcd,mas,0,1125628.0,0.0,578.0,COMPLETED
5d033a07b5274dcf4eaf9f16,mas,3,1128455.0,0.0,21.0,COMPLETED
d808556d4ae8ba19e9dd6baf,mas,1,1125726.0,0.0,6586.0,COMPLETED
b675945594985b628d825163,mas,2,1133510.0,0.0,2094.0,COMPLETED
343ccedade025043b5e5271c,mas,1,1138083.0,0.0,103.0,COMPLETED
12297fc06d15267dce10576f,mas,3,1137514.0,0.0,782.0,COMPLETED
9edecc548a398d30758d246f,mas,0,1138493.0,0.0,153.0,COMPLETED
e0d84b3975b6fbf03835c553,mas,1,1138495.0,0.0,719.0,COMPLETED
059f99004b4c8cc729595082,mas,0,1136342.0,0.0,3791.0,COMPLETED
daf35aeb87bff995f44f5cc4,mas,1,1138423.0,0.0,4026.0,COMPLETED
05d3ec31583186037582803a,mas,3,1143470.0,0.0,474.0,COMPLETED
e0586d2ae0d20a32a74dc98c,mas,0,1144645.0,0.0,1277.0,COMPLETED
8d5f1b2c0c76f962a3889274,mas,0,1150147.0,0.0,45.0,COMPLETED
9f832ec9b0cb36149d4e6528,mas,2,1120233.0,0.0,30417.0,COMPLETED
9f4754ad251f818a72007c6a,mas,3,1148558.0,0.0,8577.0,COMPLETED
50404e2aabbcaf178c9768d1,mas,3,1148565.0,0.0,9953.0,COMPLETED
aaf214cf022bf0313c669222,mas,2,1158979.0,0.0,17.0,COMPLETED
63c3c04ce5ef9b78da3ee0de,mas,0,1152415.0,0.0,7261.0,COMPLETED
52c2f1af031e36b377986fed,mas,0,1159757.0,0.0,4610.0,COMPLETED
3a65fb200d7910d8b6cb618c,mas,1,1172452.0,0.0,2734.0,COMPLETED
fdec049dbcae27ebe2047766,mas,2,1174557.0,0.0,659.0,COMPLETED
a35f21e046072806110ada3c,mas,1,1177737.0,0.0,284.0,COMPLETED
10b7a91f7a05fb49891ebfff,mas,2,1182605.0,0.0,15.0,COMPLETED
ccff71112e133ba3ccc27535,mas,2,1184687.0,0.0,727.0,COMPLETED
be2ed246d0f02336b344596b,mas,0,1174837.0,0.0,11085.0,COMPLETED
4f794b14af4459cf808e7b2e,mas,0,1186465.0,0.0,24.0,COMPLETED
f8ece070a2c5a05a76749f1e,mas,1,1181493.0,0.0,5315.0,COMPLETED
6222cd16452a033077dc7898,mas,1,1191121.0,0.0,1838.0,COMPLETED
88045912ebfc4fda9da6300c,mas,2,1191990.0,0.0,6602.0,COMPLETED
b75ac289d5a6859a28a06a80,mas,0,1187636.0,0.0,13205.0,COMPLETED
2eb21770f31d10a54be8bab4,mas,0,1202329.0,0.0,239.0,COMPLETED
4478334607bca6e5a34c9f05,mas,1,1204247.0,0.0,19.0,COMPLETED
c041a4b6be7bb5b5f925c3fb,mas,1,1205384.0,0.0,13.0,COMPLETED
2046c94b1fbc223930568ddb,mas,3,1208495.0,0.0,69.0,COMPLETED
ece715abaea2c47bb9bd775f,mas,3,1208862.0,0.0,24.0,COMPLETED
5af60367792575c874475056,mas,2,1191764.0,0.0,22633.0,COMPLETED
e7bc5702c8780adfae1d4db0,mas,1,1207694.0,0.0,7033.0,COMPLETED
5a715fd88cdb8d8cdd354278,mas,2,1220318.0,0.0,413.0,COMPLETED
c6c0041d48c473a2f71e6f06,mas,2,1221754.0,0.0,308.0,COMPLETED
920c845bb6d162a65cfc1cd7,mas,1,1221756.0,0.0,485.0,COMPLETED
e46ebd9992a2cc20c9d7e169,mas,2,1223553.0,0.0,195.0,COMPLETED
9ed3909cdcaf8761eeaa8e23,mas,1,1216635.0,0.0,7406.0,COMPLETED
9be60acae467f3c1f51cc2c1,mas,0,1203850.0,0.0,28423.0,COMPLETED
dddb5f2b7b2f0aebdedfcb7f,mas,1,1233914.0,0.0,236.0,COMPLETED
4f549ea71b44ecbcbd954909,mas,0,1238238.0,0.0,518.0,COMPLETED
09f9a336cfe4bd9bad8b05f9,mas,2,1228293.0,0.0,10786.0,COMPLETED
23d6c67914dd234d9bff7c40,mas,2,1243519.0,0.0,130.0,COMPLETED
1b67984ec88023dea37ea5f0,mas,3,1246444.0,0.0,61.0,COMPLETED
72113b5d3d8befe716513a1b,mas,2,1248360.0,0.0,765.0,COMPLETED
689ea91723686e8bbe6fff56,mas,1,1227955.0,0.0,21247.0,COMPLETED
3d6889d3e7461825d4856de6,mas,3,1247718.0,0.0,2813.0,COMPLETED
8a4e97d02c134874ca66446a,mas,2,1248069.0,0.0,2768.0,COMPLETED
90acbf1cc3372a7ac1294ef3,mas,1,1251542.0,0.0,321.0,COMPLETED
45d3bc0a7cb9cf6173f1e79b,mas,1,1252806.0,0.0,236.0,COMPLETED
3107199a2826fec236c3eb25,mas,2,1255360.0,0.0,256.0,COMPLETED
95d8bcb64e831921e3a0f890,mas,1,1256763.0,0.0,236.0,COMPLETED
1edb7f84fc8e97d0ef35dc16,mas,1,1258505.0,0.0,527.0,COMPLETED
eded7ba621dfb2c415860709,mas,3,1259777.0,0.0,31.0,COMPLETED
d5ff5e35c5e71781d0bd77b6,mas,0,1238390.0,0.0,23653.0,COMPLETED
d6c332c16d01f1e7387ef195,mas,0,1265226.0,0.0,2961.0,COMPLETED
f8a2ae71ff810f20820e17dd,mas,2,1274216.0,0.0,13.0,COMPLETED
e2845eb6d2b860f571abe4c8,mas,0,1271629.0,0.0,4851.0,COMPLETED
7a4438275fb81371502da81a,mas,1,1276984.0,0.0,3624.0,COMPLETED
159f5c0b7c7b4d701c669696,mas,0,1283294.0,0.0,169.0,COMPLETED
c3bd302ad7fc4a9cf358036e,mas,0,1285036.0,0.0,31.0,COMPLETED
cef9d90a76958fcefa3a0dc3,mas,1,1284968.0,0.0,1364.0,COMPLETED
c15f8c4e2413f96718a82cc8,mas,0,1293591.0,0.0,154.0,COMPLETED
019aefeeb22468377bb29b6f,mas,0,1294341.0,0.0,36.0,COMPLETED
030793bdc5e81f1a86bd3953,mas,2,1295603.0,0.0,13.0,COMPLETED
33a774178695a5406f643af1,mas,3,1295974.0,0.0,135.0,COMPLETED
5719db63928571c94d3d42a7,mas,3,1300494.0,0.0,45.0,COMPLETED
679d9a81461fae902e2842cc,mas,2,1301290.0,0.0,2995.0,COMPLETED
c9bed6cd743d9297d82d8af3,mas,2,1310603.0,0.0,243.0,COMPLETED
11def3bfa52a3cc88eaaadf7,mas,1,1293700.0,0.0,18070.0,COMPLETED
bc0fe67f675a00516bb33484,mas,1,1312315.0,0.0,39.0,COMPLETED
0ac29496185659d831d7a89c,mas,1,1317330.0,0.0,77.0,COMPLETED
af0f0a9f9963fb96c697c996,mas,2,1314830.0,0.0,2934.0,COMPLETED
6e873b0fd3450669682f1a12,mas,0,1299507.0,0.0,18588.0,COMPLETED
5d921e59509eb7cf8899b581,mas,0,1318151.0,0.0,2638.0,COMPLETED
08e5e8335670f42dfe321892,mas,2,1320778.0,0.0,58.0,COMPLETED
3508ac77027d94bdb764107d,mas,1,1313197.0,0.0,20169.0,COMPLETED
afba6312141f00df94f378cd,mas,2,1334373.0,0.0,236.0,COMPLETED
f7ecc12390b0d8d5d0ebd930,mas,2,1336833.0,0.0,1098.0,COMPLETED
57a9f377b40af5c189d3bdf6,mas,0,1325834.0,0.0,12444.0,COMPLETED
eff4f79e7245000c4d501c8d,mas,0,1339727.0,0.0,424.0,COMPLETED
fd601a7e64ad1f6ba8ea6e91,mas,0,1342609.0,0.0,1235.0,COMPLETED
015e840b7325157f0ad625b7,mas,0,1346169.0,0.0,2644.0,COMPLETED
f01d93027af3f1110e7fcded,mas,1,1337814.0,0.0,12346.0,COMPLETED
5f405d5b2f8c01d0a5532093,mas,2,1354620.0,0.0,37.0,COMPLETED
3deccd9ad48029679a9e7a2d,mas,3,1354269.0,0.0,1230.0,COMPLETED
133a218bee1b3bfe99533ee6,mas,3,1355838.0,0.0,731.0,COMPLETED
10bf0ff20558c84d7865c046,mas,0,1350259.0,0.0,6918.0,COMPLETED
6fa43566de4a999486b4817f,mas,2,1359176.0,0.0,185.0,COMPLETED
02681e51d4f912bd4d30b372,mas,0,1359808.0,0.0,337.0,COMPLETED
1c5d9dceeba80ad172760e65,mas,3,1364593.0,0.0,183.0,COMPLETED
11837e46e278405c113abda9,mas,2,1362714.0,0.0,7252.0,COMPLETED
728a38b43bc12e217c8a1383,mas,1,1375139.0,0.0,240.0,COMPLETED
66613bf7d954ec0b95e3f4d2,mas,3,1356869.0,0.0,19271.0,COMPLETED
3af9f3abd3f252026489f333,mas,3,1377194.0,0.0,645.0,COMPLETED
ec0deb1828b698d791d48ab7,mas,0,1367101.0,0.0,11969.0,COMPLETED
07777c43ba2fbd4d5883ee3a,mas,3,1383356.0,0.0,145.0,COMPLETED
4ee94791c515c815e2dba289,mas,2,1378556.0,0.0,6676.0,COMPLETED
fe4a7c2891a94c5622df87a6,mas,0,1380518.0,0.0,7037.0,COMPLETED
ea226f005e6ef6fd38209880,mas,1,1386974.0,0.0,1241.0,COMPLETED
b03bfce1fe69549ebd28c006,mas,0,1385966.0,0.0,2295.0,COMPLETED
1ceccd7442f1bf3ecfa1ca30,mas,0,1388320.0,0.0,32.0,COMPLETED
0b6b12c3116916181c83a7b5,mas,1,1389745.0,0.0,345.0,COMPLETED
003ba8a7a1205665edfc42ce,mas,0,1390996.0,0.0,290.0,COMPLETED
1e3bf34c7b815298e4996e83,mas,0,1391643.0,0.0,187.0,COMPLETED
34b6740075e6ebf2474a6ea3,mas,1,1389712.0,0.0,5085.0,COMPLETED
47f233a75523f4612b61eb36,mas,0,1392079.0,0.0,3910.0,COMPLETED
5699bbb95f5d2d4f8ea6546d,mas,2,1329047.0,0.0,69211.0,COMPLETED
c1493dd959e31276c4becab5,mas,2,1402512.0,0.0,65.0,COMPLETED
4c9024aca023f520fb8d5a48,mas,2,1406847.0,0.0,110.0,COMPLETED
7c97187283e0932876e4d99c,mas,0,1401289.0,0.0,8062.0,COMPLETED
0ee09ecf9bbc85d448dd2019,mas,0,1411188.0,0.0,62.0,COMPLETED
03728a25d0d571ab0943746c,mas,3,1393677.0,0.0,18687.0,COMPLETED
cf6379874b060cbeab003363,mas,1,1412556.0,0.0,78.0,COMPLETED
d0fcae6d09c603d6fb291d2e,mas,0,1413524.0,0.0,214.0,COMPLETED
b7398c5adf4a6623d3ac833a,mas,0,1419122.0,0.0,145.0,COMPLETED
e15b01c481b024711fb90074,mas,1,1422932.0,0.0,400.0,COMPLETED
ddfcbda18da926633ae7cb2e,mas,1,1440852.0,0.0,1063.0,COMPLETED
7dff551526afeb96d49c9a6a,mas,1,1441372.0,0.0,733.0,COMPLETED
bbd809312a9008f2cec0cb89,mas,1,1444303.0,0.0,681.0,COMPLETED
7e159e0371b5f244fb62a542,mas,3,1417332.0,0.0,38384.0,COMPLETED
d46231330a9ab28d636a3622,mas,2,1458391.0,0.0,51.0,COMPLETED
e794d012190382cb6f75baac,mas,0,1458752.0,0.0,577.0,COMPLETED
c65903117385571018e64a72,mas,1,1459286.0,0.0,545.0,COMPLETED
3d9812647b28bb2714d61073,mas,0,1414627.0,0.0,46953.0,COMPLETED
a5c0c499ac61fb584e4b9fb7,mas,1,1467531.0,0.0,24.0,COMPLETED
b4bf6b437e4e83c24065208a,mas,1,1467596.0,0.0,24.0,COMPLETED
16d230689f32946277bb1363,mas,3,1471318.0,0.0,2094.0,COMPLETED
a068cc9acafe876dedd09228,mas,0,1472690.0,0.0,1912.0,COMPLETED
d55c35a9a4fb558bf3ae3fa4,mas,2,1475823.0,0.0,145.0,COMPLETED
2bd613bcd5aa96fb834082df,mas,1,1471302.0,0.0,4726.0,COMPLETED
e7b6060f25aa36f6aa49fbf3,mas,2,1478512.0,0.0,162.0,COMPLETED
38bbb65dd5ef5ec2b0d724fd,mas,0,1473211.0,0.0,6966.0,COMPLETED
0b3bf6f1a94a3ac03256b0f8,mas,0,1480195.0,0.0,9383.0,COMPLETED
1f3bf25375878e5354376d3b,mas,3,1492587.0,0.0,27.0,COMPLETED
68583c6a67eb443de3ea60de,mas,2,1498237.0,0.0,388.0,COMPLETED
80571e867ab4eff6c3c226ee,mas,0,1502207.0,0.0,596.0,COMPLETED
9d7d0d7a908d29a3d9c2f566,mas,0,1513975.0,0.0,335.0,COMPLETED
a8456b71584350cbae812be3,mas,1,1483739.0,0.0,30618.0,COMPLETED
5343d3a35549a7a73b1a9bfd,mas,0,1515751.0,0.0,495.0,COMPLETED
6f70a9f6c94d194117a4201e,mas,1,1523177.0,0.0,4497.0,COMPLETED
31711cf87bcf94701b0b6709,mas,0,1527253.0,0.0,1880.0,COMPLETED
6e574a1b2f1b93dd57d71b71,mas,1,1528922.0,0.0,841.0,COMPLETED
ec6edc04046a1192918384df,mas,3,1528638.0,0.0,3281.0,COMPLETED
71313fc39a97a4d753132198,mas,3,1532628.0,0.0,5623.0,COMPLETED
52e2dde78c30ed7e0756ee3e,mas,1,1540848.0,0.0,396.0,COMPLETED
52e44ea8cd1cbc59c385e94c,mas,3,1540050.0,0.0,1619.0,COMPLETED
8aac0d742f426d50d1a7d35b,mas,1,1543364.0,0.0,54.0,COMPLETED
59e4d8b529b97019f73f7e1b,mas,0,1539919.0,0.0,3806.0,COMPLETED
60d62b29fbffb1b0b87f7f2d,mas,3,1543696.0,0.0,33.0,COMPLETED
712d87e91e1a8b701230c0ea,mas,0,1547850.0,0.0,30.0,COMPLETED
9e71fe2daa5803e910a3a265,mas,0,1550400.0,0.0,219.0,COMPLETED
5a95dc85e286c15e99fd85ff,mas,3,1554378.0,0.0,1456.0,COMPLETED
d33103c3ddc1521c46074df1,mas,3,1558421.0,0.0,594.0,COMPLETED
473964725ad2b112232be65c,mas,3,1551675.0,0.0,8052.0,COMPLETED
9f87001e41f07808042e9af0,mas,0,1562684.0,0.0,410.0,COMPLETED
1d9dd6f24d99e4512ca2a169,mas,3,1563683.0,0.0,176.0,COMPLETED
5cbb5369f3ccdaa0707978fb,mas,0,1563806.0,0.0,98.0,COMPLETED
a4dcc45a11f8ef96619f02c8,mas,0,1563369.0,0.0,4124.0,COMPLETED
f6924936644688e2ebe275b1,mas,0,1568578.0,0.0,46.0,COMPLETED
d19677b0c4a175a9a2c9f8bc,mas,0,1568168.0,0.0,478.0,COMPLETED
dcd779d6cbc58996d005b3ea,mas,1,1566289.0,0.0,2802.0,COMPLETED
b8f2df1524264d8fe6b47a93,mas,2,1512951.0,0.0,58013.0,COMPLETED
fabc6889ad5b4ade6f99b13a,mas,2,1571090.0,0.0,28.0,COMPLETED
91a7090406af16b108efe6f5,mas,1,1570070.0,0.0,1517.0,COMPLETED
7ab09297a16972d882e25aa5,mas,1,1551204.0,0.0,20808.0,COMPLETED
54e1accfb21360655015b6b1,mas,1,1573853.0,0.0,941.0,COMPLETED
ac3ddb25baab3b537c2cad54,mas,0,1568382.0,0.0,7213.0,COMPLETED
bd6f695967bc1e078ba5d853,mas,1,1578223.0,0.0,31.0,COMPLETED
d6f6e32032895814bcf24aa5,mas,0,1574578.0,0.0,4212.0,COMPLETED
d64945456ae1793e697871ee,mas,3,1570656.0,0.0,10691.0,COMPLETED
915002463cdd1e957d7f1668,mas,3,1570656.0,0.0,10875.0,COMPLETED
3e7be82e48fd496831a56340,mas,0,1581966.0,0.0,1900.0,COMPLETED
d20546330a5992f6468dd12c,mas,0,1583694.0,0.0,259.0,COMPLETED
5c8c0804e75d0494ef56d803,mas,0,1584243.0,0.0,297.0,COMPLETED
e1c69b2b8c76203b2663e201,mas,1,1585761.0,0.0,256.0,COMPLETED
6b0afeac1603023f4bfad43b,mas,1,1586755.0,0.0,38.0,COMPLETED
22fb4cc5a21542c5dcca1f85,mas,0,1588549.0,0.0,294.0,COMPLETED
eff26be1c703099b1825ed99,mas,1,1588781.0,0.0,110.0,COMPLETED
84c0273ebdc322a28c31dd46,mas,0,1588943.0,0.0,82.0,COMPLETED
29d979d87056224d2c94dde6,mas,0,1590317.0,0.0,1576.0,COMPLETED
fd84f834930b408470594e13,mas,0,1593553.0,0.0,195.0,COMPLETED
36ff6ba9f47cba325a42efbb,mas,0,1595094.0,0.0,683.0,COMPLETED
81d010e17c6043a8c0dcd98a,mas,1,1595834.0,0.0,384.0,COMPLETED
1e3051b9d831baec33d134d4,mas,2,1598225.0,0.0,1058.0,COMPLETED
aa0940f13ee38b59d0468f2f,mas,1,1605859.0,0.0,58.0,COMPLETED
e66f571711f5d7b4caeb33bc,mas,2,1615359.0,0.0,456.0,COMPLETED
6f06f04594f608949aa55022,mas,1,1614372.0,0.0,11293.0,COMPLETED
e3bc120a1ad6b2f85e0520ab,mas,2,1619927.0,0.0,8212.0,COMPLETED
449ae1400737bf1c4d4d7133,mas,1,1635322.0,0.0,134.0,COMPLETED
16c5be8166d4a4455ab3277d,mas,3,1636472.0,0.0,55.0,COMPLETED
f6531f8253b334bc6c1d9179,mas,1,1633906.0,0.0,4204.0,COMPLETED
cc972f0d7426f8c88a28d494,mas,0,1610691.0,0.0,29369.0,COMPLETED
dbf6a88a730c42b9dc28559a,mas,3,1639590.0,0.0,1205.0,COMPLETED
87aa51c802b3ee119c8eeb18,mas,3,1648333.0,0.0,75.0,COMPLETED
2099cb237151e1a27f1ec325,mas,0,1649179.0,0.0,453.0,COMPLETED
738223e5bc8fa2d7a57c9872,mas,3,1649244.0,0.0,2197.0,COMPLETED
5a5045779ef2d795a828dcb8,mas,0,1651216.0,0.0,386.0,COMPLETED
7915774ebec6c060d4e0a421,mas,0,1652111.0,0.0,2378.0,COMPLETED
459c907cf9c8048c911e9bfc,mas,2,1634057.0,0.0,22825.0,COMPLETED
31b4db34e66dfb7912ada780,mas,3,1652589.0,0.0,5169.0,COMPLETED
8d9e0a43ca3311ce1d7bc1de,mas,1,1662122.0,0.0,143.0,COMPLETED
9f15c87cad2db901eea0e335,mas,2,1663850.0,0.0,110.0,COMPLETED
c6059f22efb7bf5df21e1cc0,mas,0,1664518.0,0.0,293.0,COMPLETED
c6a1d2e9f80f8fb80a4cf43b,mas,0,1665455.0,0.0,474.0,COMPLETED
e9421048f42a78a01131d353,mas,2,1668721.0,0.0,71.0,COMPLETED
dcfb031ea20643d2808735e8,mas,2,1670917.0,0.0,55.0,COMPLETED
23d2675c0321c2832d333d87,mas,2,1671456.0,0.0,116.0,COMPLETED
b6f139d29d70925a01662ec6,mas,1,1647936.0,0.0,24778.0,COMPLETED
13f58bcdce0427d261cdf6d2,mas,1,1673650.0,0.0,1170.0,COMPLETED
12acbc59bc6af97e68f19358,mas,0,1660417.0,0.0,14446.0,COMPLETED
ae6600aa0b3824542155266e,mas,3,1660418.0,0.0,15035.0,COMPLETED
c88ce5d0f84813944594b00a,mas,2,1672766.0,0.0,4201.0,COMPLETED
f77948875acba866cf0f8127,mas,0,1677978.0,0.0,247.0,COMPLETED
ea53f2590496610657299706,mas,1,1678221.0,0.0,32.0,COMPLETED
fc6604ca440190b54c211936,mas,2,1679930.0,0.0,1024.0,COMPLETED
01933cfc9f232553f0b44033,mas,3,1679937.0,0.0,1550.0,COMPLETED
887c9f308838f3a2db5bc87a,mas,0,1683850.0,0.0,176.0,COMPLETED
81409b3df2005aff9baada92,mas,1,1685695.0,0.0,165.0,COMPLETED
71e1982352aedab6a69355c3,mas,0,1696001.0,0.0,331.0,COMPLETED
979446c85e11560f02b8daa9,mas,3,1698090.0,0.0,454.0,COMPLETED
05c6460f5146feeb0f924aa7,mas,0,1698413.0,0.0,485.0,COMPLETED
7f37b6fe49843b31523720d1,mas,0,1697703.0,0.0,2606.0,COMPLETED
236843be9fcde46e39f29943,mas,0,1710096.0,0.0,297.0,COMPLETED
07d499fa6b3843c36fa68b0e,mas,0,1710624.0,0.0,322.0,COMPLETED
403e620a556b1490aeb1a521,mas,2,1709907.0,0.0,4566.0,COMPLETED
0201b74e0ff1347782a490a8,mas,0,1714175.0,0.0,747.0,COMPLETED
6bfc72cd42766ba251af89e0,mas,1,1716702.0,0.0,1015.0,COMPLETED
83b7fb9ac3dc6757440e35c4,mas,1,1726231.0,0.0,415.0,COMPLETED
668a573f3d86f64ae6762a53,mas,0,1727320.0,0.0,24.0,COMPLETED
5caf83f2b5927ac38faa8927,mas,1,1734772.0,0.0,190.0,COMPLETED
2fce2878dfe145095c56ed9d,mas,2,1734910.0,0.0,1894.0,COMPLETED
f0ed58f8060482b63cf82e83,mas,0,1737122.0,0.0,411.0,COMPLETED
2054fd430bb3d3ece1179c09,mas,3,1748131.0,0.0,54.0,COMPLETED
d333adc86042e528b2691ce7,mas,1,1750870.0,0.0,2426.0,COMPLETED
e0980379b4c30ca562378da7,mas,1,1757211.0,0.0,55.0,COMPLETED
ed004002b02ceeee33ce01ce,mas,2,1758332.0,0.0,756.0,COMPLETED
7d3fc0da4af6364260126295,mas,3,1760432.0,0.0,75.0,COMPLETED
1e023e215dcf07d309cdf8c2,mas,1,1760386.0,0.0,265.0,COMPLETED
18c51b528a9f3d7f66354c64,mas,2,1760423.0,0.0,354.0,COMPLETED
2f7accec78d5b193438430f3,mas,1,1768423.0,0.0,149.0,COMPLETED
102a43a5bc0bcf0875d3d3f7,mas,1,1774396.0,0.0,167.0,COMPLETED
f3efff6dc7794171e03fe062,mas,1,1774532.0,0.0,1648.0,COMPLETED
30f7b963a7a0dc549cc93644,mas,2,1774588.0,0.0,1649.0,COMPLETED
3255b0bb370a372ba1bfdccd,mas,1,1779542.0,0.0,99.0,COMPLETED
4f0175497bf00130291a339f,mas,0,1783583.0,0.0,186.0,COMPLETED
38e0953980ec9a61f8899629,mas,1,1791353.0,0.0,4902.0,COMPLETED
38134cc3014c20c089e45be8,mas,2,1790608.0,0.0,6503.0,COMPLETED
e48910cb0c82ffc946eec08d,mas,0,1785892.0,0.0,12442.0,COMPLETED
497291931b47d563d6212745,mas,1,1798328.0,0.0,585.0,COMPLETED
d54f9b3139023d42167288db,mas,0,1804557.0,0.0,406.0,COMPLETED
d3b2812e0a5382bb7f0cc9d7,mas,2,1805788.0,0.0,4505.0,COMPLETED
baf24274e117f5a2f802f570,mas,0,1813607.0,0.0,24.0,COMPLETED
b7eb071640a4cff88c64d165,mas,1,1810309.0,0.0,3342.0,COMPLETED
7dfb8a627be9f1d109427847,mas,1,1815088.0,0.0,218.0,COMPLETED
6216e88d90f34e4ca9de5856,mas,2,1820626.0,0.0,420.0,COMPLETED
c209f6923820f084e9e51b0a,mas,0,1825873.0,0.0,97.0,COMPLETED
a0494d35cc584e90ffd9c877,mas,1,1826434.0,0.0,270.0,COMPLETED
35c749602fa97bdf38b9010b,mas,0,1827191.0,0.0,274.0,COMPLETED
d5654fde1754cc58e67bd4db,mas,0,1835494.0,0.0,34.0,COMPLETED
8da1f11b2d3d67ae6b2cbc36,mas,1,1835333.0,0.0,253.0,COMPLETED
4b188b563d499b95835813e9,mas,3,1839354.0,0.0,144.0,COMPLETED
f4c7aaa972bcd1ae10606665,mas,3,1842898.0,0.0,117.0,COMPLETED
7393c4cb79b411abd3630f3c,mas,3,1843242.0,0.0,99.0,COMPLETED
6ac87ef65dec16e2ed5ade14,mas,1,1842250.0,0.0,1471.0,COMPLETED
0b67c9dcf8c4510c39a29efe,mas,1,1843759.0,0.0,24.0,COMPLETED
b129f31c7bcb5a2c1e97ed55,mas,3,1848109.0,0.0,308.0,COMPLETED
518cb46069e9337c92e26479,mas,3,1849119.0,0.0,97.0,COMPLETED
91adcf4c3eaa7aa3c8789bc1,mas,1,1849785.0,0.0,81.0,COMPLETED
d4ba5c63cdb242bbb53e804d,mas,1,1848563.0,0.0,1989.0,COMPLETED
be054f22af410cc6b6f75f1c,mas,1,1851043.0,0.0,206.0,COMPLETED
7445d4eea111407093428a2b,mas,1,1849758.0,0.0,2653.0,COMPLETED
c4d0439f4694b6024dae23c0,mas,2,1846970.0,0.0,8965.0,COMPLETED
987c7c54f8bb83506c93cd6f,mas,2,1842752.0,0.0,13716.0,COMPLETED
0dec634f2aa90aeca287fe4e,mas,3,1866689.0,0.0,2743.0,COMPLETED
a5cbdf7b7806e3dc1a356dc1,mas,3,1872980.0,0.0,1007.0,COMPLETED
35f30caeb34f859535b7f074,mas,0,1876194.0,0.0,6387.0,COMPLETED
8d1d6b40797cad1d8531a90a,mas,0,1892684.0,0.0,44.0,COMPLETED
f898946f23d5e2a76d1813d0,mas,2,1870819.0,0.0,26147.0,COMPLETED
b90f023948a214c82247bda9,mas,1,1898771.0,0.0,35.0,COMPLETED
bc03f9f964fb4184ba8cfdb5,mas,3,1896932.0,0.0,3984.0,COMPLETED
ad8b735b5bc349708b54f621,mas,2,1903350.0,0.0,2707.0,COMPLETED
6dd3c942d4cfb245a5e29507,mas,2,1908069.0,0.0,427.0,COMPLETED
e5ef19982f4d22ecadd38a82,mas,3,1913148.0,0.0,113.0,COMPLETED
4aec1224068b6623bb7a7b07,mas,3,1901509.0,0.0,12522.0,COMPLETED
3d50e7de285a675555f94c52,mas,0,1866347.0,0.0,50803.0,COMPLETED
17fe9b4ac4c891e7d41907e7,mas,1,1867809.0,0.0,49477.0,COMPLETED
b77bb44e8d3aecd374280997,mas,0,1836226.0,0.0,81500.0,COMPLETED
cfe331f0d6121fd865fe3c66,mas,2,1918562.0,0.0,749.0,COMPLETED
9b3e9177aa89ecf9f330799a,mas,0,1918060.0,0.0,1265.0,COMPLETED
de45fcb3b6bad85f099296fc,mas,0,1924402.0,0.0,705.0,COMPLETED
a11278ee0896281c07a6134b,mas,2,1931417.0,0.0,960.0,COMPLETED
37af262e21d1f285d6d584de,mas,2,1932170.0,0.0,364.0,COMPLETED
5dd49f7170cdfc4d3f6075b9,mas,2,1932362.0,0.0,388.0,COMPLETED
6f789815f585e4f52881b655,mas,0,1932750.0,0.0,307.0,COMPLETED
a19b2553347847d586a9537c,mas,0,1935958.0,0.0,54.0,COMPLETED
be18b1b1e9831a6d0312ab96,mas,2,1942154.0,0.0,10089.0,COMPLETED
4a3cef58ca03e01f2e0cc116,mas,0,1949400.0,0.0,6780.0,COMPLETED
e1a0155dcffbd929e10348a8,mas,1,1961180.0,0.0,45.0,COMPLETED
c0165642f67de0c19a68dec3,mas,0,1960929.0,0.0,699.0,COMPLETED
74132ccdb9aa25080568cbe2,mas,0,1961941.0,0.0,618.0,COMPLETED
fd35fd25925e6db788ae87d5,mas,1,1961602.0,0.0,2835.0,COMPLETED
f04122ab821adf47d8da0297,mas,1,1965958.0,0.0,4022.0,COMPLETED
fa48ce4a092c6dba3fe5007e,mas,2,1953352.0,0.0,16972.0,COMPLETED
4daa94ca9d7c6c5ad521aae3,mas,2,1966652.0,0.0,4770.0,COMPLETED
67f9216b21d50a73c8f9df27,mas,2,1966991.0,0.0,5129.0,COMPLETED
4add2aa2ffeab23d74006742,mas,0,1969921.0,0.0,2237.0,COMPLETED
8feaa4c727f5dcc23a8e4a6f,mas,0,1965318.0,0.0,7462.0,COMPLETED
0a8596930b70b85fda76a8a6,mas,1,1975789.0,0.0,51.0,COMPLETED
edc4afc4cfcd3862826abe1b,mas,1,1975833.0,0.0,111.0,COMPLETED
ddc143e5561310975a64e073,mas,1,1976250.0,0.0,13.0,COMPLETED
1d7df9565433f16e7879f528,mas,3,1976645.0,0.0,124.0,COMPLETED
d48601306b2f265f6dfe96cf,mas,0,1974388.0,0.0,4546.0,COMPLETED
5b09dfe358e3556f0b524eb0,mas,0,1980192.0,0.0,1117.0,COMPLETED
835c7effd40709f42a41dc32,mas,2,1986911.0,0.0,13.0,COMPLETED
320458d7a6c2587d080a14c6,mas,1,1988933.0,0.0,13.0,COMPLETED
4936e63dc15d52adeb896f87,mas,2,1988709.0,0.0,275.0,COMPLETED
bb3c44222c03ee9cd35d65d8,mas,1,1988981.0,0.0,13.0,COMPLETED
25f97a90abebd85f66e43302,mas,1,1990128.0,0.0,3103.0,COMPLETED
4379b3242423ea7e5af273eb,mas,2,1994833.0,0.0,1481.0,COMPLETED
01064bca45fdaef56044e318,mas,1,1980320.0,0.0,16162.0,COMPLETED
2d7b2545213712ad02f68322,mas,0,1980589.0,0.0,18806.0,COMPLETED
1c6b9aa7a11a7437039d4f13,mas,1,1999533.0,0.0,21.0,COMPLETED
14fbe9c7d535010b4fb52382,mas,3,1963443.0,0.0,39666.0,COMPLETED
8ffb38b94e240eb514e802df,mas,0,2000905.0,0.0,3769.0,COMPLETED
ad7b208bffe3fdf987e67b98,mas,0,2037074.0,0.0,71.0,COMPLETED
e2f18dee10b0967960cdd813,mas,2,2039826.0,0.0,1095.0,COMPLETED
ce5711f78c6887d8c40fdf82,mas,0,2047424.0,0.0,956.0,COMPLETED
784cd8db743ea73ec0a6b583,mas,3,2053514.0,0.0,774.0,COMPLETED
08a51bfbc32d10a5a7065e8d,mas,2,2057428.0,0.0,14.0,COMPLETED
fc27a7277dce2c1d4f661fcc,mas,0,2055048.0,0.0,3255.0,COMPLETED
8a9ef967170575185b0b68bf,mas,1,2059387.0,0.0,13.0,COMPLETED
be63706fe4de9c337b0869e8,mas,0,2052644.0,0.0,8368.0,COMPLETED
90dea859bd38b72639237296,mas,1,2063529.0,0.0,31.0,COMPLETED
3b4c428f60fdebdc3f04ac4d,mas,1,2063842.0,0.0,91.0,COMPLETED
b2fbf2d2a907eafd31cce88e,mas,1,2064017.0,0.0,1193.0,COMPLETED
858a9f47e0ab9fe5e08ba2c7,mas,0,2063065.0,0.0,3943.0,COMPLETED
a4d2bf7b048ac5339fff4f34,mas,0,2065061.0,0.0,3325.0,COMPLETED
9d0370c05d380569612b3551,mas,1,2071004.0,0.0,54.0,COMPLETED
3b90725386f8d0ec90fb23b6,mas,1,2074933.0,0.0,110.0,COMPLETED
26a1022ea8419b4387dd8547,mas,1,2075447.0,0.0,1540.0,COMPLETED
c4e8595d63522d1df7871bb8,mas,2,2069423.0,0.0,7680.0,COMPLETED
54f70fad40ee0d0690646b8c,mas,0,2076808.0,0.0,364.0,COMPLETED
4caebd53e941761cfa706808,mas,0,2079520.0,0.0,35.0,COMPLETED
dbd71e49854b99368e18c584,mas,0,2086117.0,0.0,110.0,COMPLETED
decd4d523e34ed1e337f5944,mas,2,2070009.0,0.0,17215.0,COMPLETED
31baf0afd28dfc05cefe9b45,mas,0,2090205.0,0.0,13.0,COMPLETED
5c1f43f70d3f92979f877225,mas,1,2085263.0,0.0,5290.0,COMPLETED
24bd88a73b09e705779a03f6,mas,1,2100543.0,0.0,718.0,COMPLETED
77e2fd3e1efcfa2a900c7a06,mas,1,2107507.0,0.0,417.0,COMPLETED
0168af23a3203bae8c7aa5df,mas,0,2091594.0,0.0,17858.0,COMPLETED
31b016c8d2dfbf57b0fc7763,mas,1,2111939.0,0.0,113.0,COMPLETED
faabc98fcac742b1c9d998a0,mas,1,2108600.0,0.0,3475.0,COMPLETED
bf9a5891b8240e9ade49f428,mas,3,2113484.0,0.0,257.0,COMPLETED
3f328bad9d0cfb8600e0613d,mas,3,2116373.0,0.0,19.0,COMPLETED
13c1fdc0f45ba8eb8560ed3b,mas,1,2116373.0,0.0,30.0,COMPLETED
73c96773d4411e97ca18b0b6,mas,2,2094680.0,0.0,28313.0,COMPLETED
832fdd2effe100d8bc693792,mas,2,2123805.0,0.0,261.0,COMPLETED
26270d3096052dc1b724ce71,mas,1,2135089.0,0.0,3949.0,COMPLETED
be7814122f4bc3df660d7ad0,mas,3,2135939.0,0.0,5139.0,COMPLETED
b31f625996923f165a86d546,mas,1,2139099.0,0.0,4751.0,COMPLETED
fcd8f9b017183d587b331ce2,mas,1,2144474.0,0.0,364.0,COMPLETED
8c1d930fde3142beb52ffa99,mas,0,2118950.0,0.0,28487.0,COMPLETED
90d61a29085f63cb3c8ff2fd,mas,3,2148182.0,0.0,30.0,COMPLETED
fbb1e21e4f176d5dce1cd07f,mas,1,2149100.0,0.0,235.0,COMPLETED
311da0b3e1830ba432d360b3,mas,1,2153830.0,0.0,4106.0,COMPLETED
0c9651a2d3e40c2b0339c1d7,mas,1,2158467.0,0.0,25.0,COMPLETED
5bb50c73631740f66919639d,mas,1,2159056.0,0.0,102.0,COMPLETED
a442359b772a02d34141a1af,mas,3,2159450.0,0.0,34.0,COMPLETED
cdb9aa897f937311f631359f,mas,3,2163722.0,0.0,41.0,COMPLETED
e5d0167442e6ab0fce4d20a5,mas,0,2147717.0,0.0,17177.0,COMPLETED
816e5cb0fc5668832e72e483,mas,2,2161635.0,0.0,5549.0,COMPLETED
183fc11e8bb61e2cd2d07e24,mas,3,2171984.0,0.0,229.0,COMPLETED
cdcbbc887d63b02805f0e96b,mas,3,2169615.0,0.0,3952.0,COMPLETED
77b8b1534162ec0624077c8f,mas,0,2181827.0,0.0,780.0,COMPLETED
57e8a0d451a31de0b27e5c7e,mas,0,2185051.0,0.0,343.0,COMPLETED
2e40c5e335aa145aa165575d,mas,1,2182668.0,0.0,2816.0,COMPLETED
0bddc1eeeee559c5e7410c9e,mas,2,2190875.0,0.0,763.0,COMPLETED
57127609269115f52b9e059e,mas,2,2192034.0,0.0,94.0,COMPLETED
4589a4fe1992b2ce8f735bd3,mas,1,2192747.0,0.0,39.0,COMPLETED
4529f3bd882e9b5799c38e7b,mas,1,2196160.0,0.0,55.0,COMPLETED
a4dd17e57d760eff702886a1,mas,2,2201770.0,0.0,26.0,COMPLETED
4dbdfb35d174a45ba484a0be,mas,0,2182047.0,0.0,20681.0,COMPLETED
5c04052125b9d628f34c1ff1,mas,0,2202948.0,0.0,34.0,COMPLETED
5bd09840e4cd1a2b8fafa891,mas,1,2206439.0,0.0,24.0,COMPLETED
971011a04112e8084985c7e4,mas,3,2215222.0,0.0,214.0,COMPLETED
d5eff8a6fee42afe1007626d,mas,3,2215267.0,0.0,193.0,COMPLETED
fee47510b429aac0b18cb253,mas,0,2219323.0,0.0,16.0,COMPLETED
959ee8ff76bd50376c1cd346,mas,0,2224789.0,0.0,1189.0,COMPLETED
ec2d08e53bec3254f06b01d1,mas,2,2214325.0,0.0,15619.0,COMPLETED
96c6cbd9660f552815423c73,mas,0,2224642.0,0.0,6578.0,COMPLETED
dd434098b5b37219f8282e6e,mas,0,2233920.0,0.0,698.0,COMPLETED
f5fe6f34f5c57991d510efba,mas,0,2237468.0,0.0,1686.0,COMPLETED
e1b08b465cf8beaa97a9f2ed,mas,3,2183820.0,0.0,56899.0,COMPLETED
ebed425a87b9444ce0482e41,mas,0,2241116.0,0.0,146.0,COMPLETED
20010ec948e60065dbc76d76,mas,0,2245120.0,0.0,24.0,COMPLETED
ef61e94fb6d085a42689b5c4,mas,1,2247662.0,0.0,693.0,COMPLETED
c79a5453dab40d8bf47d0098,mas,0,2248972.0,0.0,1852.0,COMPLETED
55b356e2f0e00a2827a3d955,mas,1,2254696.0,0.0,14.0,COMPLETED
ddbf2d68d47b2fd3723d93b1,mas,2,2257202.0,0.0,896.0,COMPLETED
df2ca04518d305850c28e698,mas,0,2256362.0,0.0,3802.0,COMPLETED
48695a2b697f6f4e1e46a34e,mas,1,2260630.0,0.0,1191.0,COMPLETED
11b080689cc14ed2fff9f625,mas,1,2262740.0,0.0,147.0,COMPLETED
aaa71079088eeeb13e263071,mas,1,2264741.0,0.0,45.0,COMPLETED
281314852c7aa28b9b31d7ea,mas,1,2265035.0,0.0,31.0,COMPLETED
906fa9e77c48fbf98a522b67,mas,1,2266946.0,0.0,93.0,COMPLETED
1457b36b8cddedf4fe607de6,mas,3,2271388.0,0.0,4101.0,COMPLETED
10f86f3e3ae8e17c01658b63,mas,0,2255977.0,0.0,19636.0,COMPLETED
e7168c20a0143762b3fdfa66,mas,0,2275679.0,0.0,2668.0,COMPLETED
f5052f2177d1e64d961324c7,mas,0,2279351.0,0.0,2535.0,COMPLETED
3987ede275c025e4c14c973e,mas,3,2281635.0,0.0,1813.0,COMPLETED
518e022ac1c8e447b24f0978,mas,1,2283482.0,0.0,5002.0,COMPLETED
aaf6793c59b5e30c5d0e1015,mas,0,2279594.0,0.0,10651.0,COMPLETED
84e8dd2e5a5e64c6ceef6a85,mas,1,2292401.0,0.0,630.0,COMPLETED
89ba6c2a99acaa2848803454,mas,2,2286109.0,0.0,6982.0,COMPLETED
7b83ad74758f800c6f909e65,mas,3,2292757.0,0.0,2892.0,COMPLETED
e08491428fa6802ac4ca585c,mas,0,2296597.0,0.0,366.0,COMPLETED
5d73a996e98134fe4b49f87d,mas,0,2303140.0,0.0,29.0,COMPLETED
a1f3f83e26ae6a75cd84b8f2,mas,1,2301245.0,0.0,4823.0,COMPLETED
99c79620abe466ae7a42e3cf,mas,1,2306073.0,0.0,1320.0,COMPLETED
f9389cea42a1848f494c019b,mas,1,2311817.0,0.0,501.0,COMPLETED
d86a934a42d4f8918a72454f,mas,0,2299858.0,0.0,19861.0,COMPLETED
bf2e3430a5be1299c635f17c,mas,0,2321315.0,0.0,638.0,COMPLETED
ca60364cfb4539669b441fec,mas,0,2325866.0,0.0,38.0,COMPLETED
1502984777793026a3db07c9,mas,0,2326178.0,0.0,189.0,COMPLETED
4a32bd251b3222fddd18334d,mas,0,2327779.0,0.0,210.0,COMPLETED
528f36fea90b94175459998d,mas,3,2304078.0,0.0,25494.0,COMPLETED
0151e22fed42346b33db447c,mas,0,2335158.0,0.0,615.0,COMPLETED
0559e24bd643cb8f6c190417,mas,1,2340629.0,0.0,12.0,COMPLETED
bca9c6c0a8122cd18f0857cd,mas,1,2343233.0,0.0,59.0,COMPLETED
e08e635e1cc1043c685bb2b0,mas,2,2342847.0,0.0,635.0,COMPLETED
235df8c18bcdc2450c607248,mas,3,2343099.0,0.0,749.0,COMPLETED
1b57327e538d16d22fb00fc4,mas,1,2342238.0,0.0,1693.0,COMPLETED
b0136a44fd2d35aa822fb8cc,mas,2,2343889.0,0.0,114.0,COMPLETED
c362c9811925522dd4795454,mas,3,2343237.0,0.0,2201.0,COMPLETED
cfd980e52dfa73eb385174fd,mas,1,2342337.0,0.0,3634.0,COMPLETED
f185e3b46ea6ef236140e353,mas,3,2346114.0,0.0,456.0,COMPLETED
cc9892395b7293346be15cb8,mas,0,2338857.0,0.0,11235.0,COMPLETED
f8974c0c348ac4578367297a,mas,1,2354139.0,0.0,36.0,COMPLETED
0c932feae19fe6d649d80519,mas,0,2356268.0,0.0,14.0,COMPLETED
ce4630548ef88157408b543b,mas,1,2360232.0,0.0,2770.0,COMPLETED
a3cf425aa5cc25ec15827820,mas,0,2364177.0,0.0,55.0,COMPLETED
420403ecbfc7aaccef02f127,mas,0,2354777.0,0.0,10161.0,COMPLETED
e5eec8fd54777f7e1e1946b8,mas,0,2365169.0,0.0,58.0,COMPLETED
1db0a4259041ce38c3a8b4cd,mas,0,2366088.0,0.0,675.0,COMPLETED
5711f03aff0ebaa27a741789,mas,0,2368596.0,0.0,20.0,COMPLETED
a4ce0fc98302b163604d3eb2,mas,0,2369279.0,0.0,127.0,COMPLETED
a6c1767e7c10d2cf0322fbda,mas,0,2369603.0,0.0,262.0,COMPLETED
cb9c249315fd8179fbe046f3,mas,0,2367600.0,0.0,5038.0,COMPLETED
db5136a262acc312549a5a66,mas,0,2372902.0,0.0,3288.0,COMPLETED
3774034b0a53bd42571d1365,mas,0,2376851.0,0.0,156.0,COMPLETED
e16aff19653e9852433e6300,mas,2,2166384.0,0.0,211981.0,COMPLETED
3362b129a547f1a9853913c5,mas,3,2348612.0,0.0,30401.0,COMPLETED
85e527045de559e4a9fe7e40,mas,3,2379755.0,0.0,236.0,COMPLETED
7a4f7173c3e20b685cd28d04,mas,3,2379754.0,0.0,247.0,COMPLETED
1a7d898c8de95b0544452652,mas,2,2380403.0,0.0,451.0,COMPLETED
84badc0e5e51277063089226,mas,2,2379349.0,0.0,1742.0,COMPLETED
3b1dce720bc44dff492fab75,mas,2,2381848.0,0.0,48.0,COMPLETED
8b9f5e9463d8ac62d42eceb8,mas,2,2381220.0,0.0,2121.0,COMPLETED
3082c2d9b7f704b7cb8aecf7,mas,3,2341824.0,0.0,51369.0,COMPLETED
526647f5d60b48cd677153ad,mas,1,2362813.0,0.0,30816.0,COMPLETED
789e7b27715bce947e0ca686,mas,1,2394454.0,0.0,480.0,COMPLETED
8c9360b0c207fbe0537bd354,mas,0,2370926.0,0.0,30286.0,COMPLETED
170fa29bf82972dbb1b1794a,mas,3,2362948.0,0.0,39282.0,COMPLETED
cea62add49d01a4a41e6b548,mas,0,2402175.0,0.0,104.0,COMPLETED
0b1472451a612666f68c9037,mas,0,2409657.0,0.0,1244.0,COMPLETED
976bbaf429837b5adf724c72,mas,0,2420549.0,0.0,124.0,COMPLETED
2b008a0a456d92e050756813,mas,2,2423571.0,0.0,1831.0,COMPLETED
0240cd167ec22bb11b97e747,mas,3,2425854.0,0.0,2400.0,COMPLETED
7d357645cbc901fa0687cb19,mas,0,2433258.0,0.0,73.0,COMPLETED
bb75a706ba8e0c58e80c503e,mas,0,2426363.0,0.0,7893.0,COMPLETED
9080c18670b32062d8fb6296,mas,0,2410484.0,0.0,24135.0,COMPLETED
9fd68eb413143ef510ed199f,mas,2,2442608.0,0.0,113.0,COMPLETED
eb51320f1bb56360f4300927,mas,1,2399308.0,0.0,44453.0,COMPLETED
94cb55a074013c41e02df636,mas,0,2437197.0,0.0,7838.0,COMPLETED
e78d8347e473d1d26de1e00a,mas,0,2437081.0,0.0,11094.0,COMPLETED
07a8c18a598a6fd619f8b11a,mas,1,2459090.0,0.0,167.0,COMPLETED
fe4da5738ff18fd308d2808a,mas,0,2461097.0,0.0,1385.0,COMPLETED
713295ed7bb017f369052892,mas,0,2463766.0,0.0,327.0,COMPLETED
0d71db3673838fd835198119,mas,0,2464183.0,0.0,558.0,COMPLETED
c484c375c2b2b16401665548,mas,1,2446412.0,0.0,19150.0,COMPLETED
14ec71f362af53ca2f3ae22e,mas,1,2467977.0,0.0,32.0,COMPLETED
6c1804c24556f30cefc1e9ac,mas,2,2468397.0,0.0,246.0,COMPLETED
0ab55392c55295fd5fd732f1,mas,0,2471725.0,0.0,82.0,COMPLETED
b7256b87f116fdba1375d69b,mas,0,2465471.0,0.0,12226.0,COMPLETED
7d0c6cd3acf70e7ecf16119d,mas,0,2477771.0,0.0,2270.0,COMPLETED
290c1be6a1f360d48ded4724,mas,0,2480058.0,0.0,238.0,COMPLETED
d17af9d6cf4fc45565709d49,mas,0,2482821.0,0.0,3327.0,COMPLETED
37f5c600d6e2a773e27c1c91,mas,2,2487958.0,0.0,665.0,COMPLETED
99e8362103650e3b77446615,mas,2,2473046.0,0.0,15899.0,COMPLETED
e53bbd0313767e6ffbd14122,mas,2,2494808.0,0.0,424.0,COMPLETED
56fe73e7028fee5b5c48bbf6,mas,0,2493374.0,0.0,2351.0,COMPLETED
77a0a94442c156eea0b156a5,mas,0,2497877.0,0.0,679.0,COMPLETED
13364c7555c03454d0d8251c,mas,1,2498919.0,0.0,2593.0,COMPLETED
da7d17f92f51c219e3771a6a,mas,0,2502042.0,0.0,133.0,COMPLETED
b5afa14c147958d8b4c01b5f,mas,0,2506021.0,0.0,660.0,COMPLETED
27399453d62e1da8967f0917,mas,2,2510155.0,0.0,1027.0,COMPLETED
f3f2e53e5d1a659015096f49,mas,0,2512690.0,0.0,2926.0,COMPLETED
31341ae52f812c367210490f,mas,2,2519652.0,0.0,416.0,COMPLETED
07537f91f0016ccf16ebbead,mas,2,2525793.0,0.0,359.0,COMPLETED
aa6fa5f10a45caf6a29a1c9c,mas,0,2527985.0,0.0,226.0,COMPLETED
cfd0d9558102248c19bb3da1,mas,2,2529669.0,0.0,24.0,COMPLETED
8510c8af74a731309543ff74,mas,1,2471635.0,0.0,61855.0,COMPLETED
ee65507646b973188e53bf95,mas,0,2520779.0,0.0,13424.0,COMPLETED
b81d4a22a407fb9f6780eea0,mas,0,2535681.0,0.0,48.0,COMPLETED
8090a5594ded18f7253f4d5b,mas,0,2540454.0,0.0,187.0,COMPLETED
966cf2ffc1cb4468228f77c6,mas,1,2542367.0,0.0,3560.0,COMPLETED
2b2e1b08a2e1c97883c95b89,mas,2,2540991.0,0.0,5921.0,COMPLETED
9b1bdf28846a678f49622204,mas,3,2543702.0,0.0,3246.0,COMPLETED
aca857c202f0e6a704b1b931,mas,3,2555528.0,0.0,569.0,COMPLETED
da06136140f664586b6fdbb3,mas,3,2556036.0,0.0,1408.0,COMPLETED
3b771bffdeaa20c948088c01,mas,2,2549100.0,0.0,14809.0,COMPLETED
9924cbbf05a0dfb3423eac7e,mas,0,2541802.0,0.0,24494.0,COMPLETED
89e4fde684c528346c610ef2,mas,2,2567967.0,0.0,4646.0,COMPLETED
e0836f4d789c05605127a54a,mas,0,2568497.0,0.0,5012.0,COMPLETED
183b1a5850ddda1c49a72d26,mas,1,2574709.0,0.0,945.0,COMPLETED
09838c46662ce259e088ff5f,mas,0,2581377.0,0.0,1356.0,COMPLETED
85b68d91ca5699aa4ee458ff,mas,0,2584526.0,0.0,2643.0,COMPLETED
302e19d0325e73a5e19b56e0,mas,0,2587251.0,0.0,41.0,COMPLETED
d5661ef2e666ca9489b89d09,mas,2,2587993.0,0.0,91.0,COMPLETED
87469c02238057fd8e1e2e73,mas,1,2594272.0,0.0,886.0,COMPLETED
87143cf6c97e5b598b6418be,mas,3,2596027.0,0.0,544.0,COMPLETED
5ce6d0701bda56123fe94535,mas,1,2576337.0,0.0,20937.0,COMPLETED
454296bc58d67d2a15bc0e0b,mas,3,2596147.0,0.0,1647.0,COMPLETED
72092a00032d5f2162106bea,mas,0,2594955.0,0.0,3832.0,COMPLETED
09a142fd69e2fe78e9aa7380,mas,3,2600816.0,0.0,436.0,COMPLETED
f9cbc48b089a39c2e3141298,mas,0,2607292.0,0.0,267.0,COMPLETED
b7686d42ce9dfaee62ab8667,mas,3,2585518.0,0.0,23324.0,COMPLETED
90d2b129038a7b2dd126979c,mas,3,2610231.0,0.0,638.0,COMPLETED
6d36f286d14c8b4c2de7baad,mas,3,2612471.0,0.0,44.0,COMPLETED
e03f7e506367f77d6b4a6305,mas,0,2607991.0,0.0,6267.0,COMPLETED
28d00058fe8207b194d7465c,mas,0,2615391.0,0.0,75.0,COMPLETED
8803d00a3431558ba692ade7,mas,0,2607993.0,0.0,9012.0,COMPLETED
d68bc0aed66172baa1d093b2,mas,0,2618524.0,0.0,857.0,COMPLETED
cfb685043c1ca84282c0da13,mas,1,2607993.0,0.0,11959.0,COMPLETED
0608081f2f763ae51542eefe,mas,3,2616066.0,0.0,10973.0,COMPLETED
158dd0bb97f797075f7142ff,mas,0,2629122.0,0.0,104.0,COMPLETED
cbc269f5b9e3a8dcd826f1cd,mas,1,2630321.0,0.0,24.0,COMPLETED
7b8fb9ec6f3abbed471eade2,mas,2,2575212.0,0.0,65961.0,COMPLETED
185ed3da195d992125fe6a76,mas,0,2642127.0,0.0,425.0,COMPLETED
8af05c10868362c662d402d8,mas,3,2651453.0,0.0,148.0,COMPLETED
3c042c8a837ff9febab9df5a,mas,0,2652746.0,0.0,878.0,COMPLETED
d55ef7e92211d9fb74b1d75b,mas,1,2655914.0,0.0,537.0,COMPLETED
abbe8a2a8cf3154da54e87ca,mas,3,2657858.0,0.0,305.0,COMPLETED
ecf51257dda7c2a25c3410a8,mas,2,2658748.0,0.0,414.0,COMPLETED
0f1028c0abf1f3c370970458,mas,1,2659105.0,0.0,719.0,COMPLETED
d0419032eca27ba7bd255273,mas,3,2661999.0,0.0,148.0,COMPLETED
45e2f13b10950812f9cdf059,mas,3,2653199.0,0.0,10226.0,COMPLETED
dd325c031279f10d954bdb4e,mas,1,2664537.0,0.0,1836.0,COMPLETED
cce6f00bd3455066b4a09529,mas,3,2665987.0,0.0,569.0,COMPLETED
fc505f3d412f92f454f30892,mas,1,2664394.0,0.0,4605.0,COMPLETED
eb68da34736c46ce791e8e51,mas,1,2666569.0,0.0,2589.0,COMPLETED
4f72da5ce6423c5e2c13b203,mas,1,2669135.0,0.0,77.0,COMPLETED
d61194f2d1963ab4d757454b,mas,2,2659837.0,0.0,10703.0,COMPLETED
25a621200447fe24760e9cb4,mas,2,2673290.0,0.0,41.0,COMPLETED
bc6a6b74eb73912202731af4,mas,0,2653469.0,0.0,23385.0,COMPLETED
cad255a2424cdfc3d6563e9e,mas,2,2677528.0,0.0,44.0,COMPLETED
669f9c99be2c7195eda56396,mas,3,2677711.0,0.0,24.0,COMPLETED
bc031dddee55edd4f23d1d5f,mas,3,2680647.0,0.0,394.0,COMPLETED
d25091668a210273ed8bbc93,mas,2,2674900.0,0.0,8588.0,COMPLETED
d4275585595b96e0edebcae4,mas,0,2686843.0,0.0,450.0,COMPLETED
b2e6cf7ffd9f31dd7cd6a7ca,mas,1,2676051.0,0.0,15414.0,COMPLETED
400980ffa36754af6f62e90f,mas,0,2692529.0,0.0,467.0,COMPLETED
14ca8edfae5abf0a83f1ab1e,mas,1,2695327.0,0.0,50.0,COMPLETED
44440a2021a6f090189a9344,mas,0,2695204.0,0.0,2397.0,COMPLETED
36ec89155305398a20296404,mas,0,2701983.0,0.0,556.0,COMPLETED
f6d97d9552b307eff350748e,mas,0,2703651.0,0.0,1086.0,COMPLETED
ef89ec1bcb76586142f25dd2,mas,2,2704462.0,0.0,276.0,COMPLETED
03ad9893a12067dd8842015b,mas,1,2706181.0,0.0,11643.0,COMPLETED
10d92563a979e1f1a0459904,mas,2,2720569.0,0.0,8784.0,COMPLETED
36aa65ae37f9cb41b6838d8d,mas,0,2732965.0,0.0,24.0,COMPLETED
71ea057d2dee00e062401fe1,mas,2,2734171.0,0.0,982.0,COMPLETED
7cac722075debc1d85301711,mas,2,2736541.0,0.0,54.0,COMPLETED
19fba6521e1ef146ee8245cf,mas,0,2732429.0,0.0,4716.0,COMPLETED
3ea6d8e0ef9c4d18e15c8470,mas,1,2736348.0,0.0,1950.0,COMPLETED
37dadcc8250fae97e21c38b2,mas,0,2741064.0,0.0,166.0,COMPLETED
556083460b83e671d751ac0a,mas,0,2741453.0,0.0,49.0,COMPLETED
11974698a58dcc066a3916e7,mas,3,2744662.0,0.0,3184.0,COMPLETED
7940dc67394a53e038d97c34,mas,3,2754842.0,0.0,423.0,COMPLETED
6e43195f971e5726878f7fdf,mas,2,2729967.0,0.0,29315.0,COMPLETED
3f6e32003f3a5fb68515655f,mas,1,2756530.0,0.0,6133.0,COMPLETED
b54469320b4c2659d01d8f0d,mas,2,2729996.0,0.0,34312.0,COMPLETED
6811391d68a23e9cf8ce9b10,mas,3,2770490.0,0.0,663.0,COMPLETED
533d93878bdf541d177465e9,mas,2,2769163.0,0.0,3762.0,COMPLETED
2bebeae79821b6a4f7bfbf3e,mas,1,2758801.0,0.0,14276.0,COMPLETED
0d64765deacbe701c6535d19,mas,0,2768364.0,0.0,9345.0,COMPLETED
5f0809d08fc7d375e14fa7a5,mas,2,2778327.0,0.0,408.0,COMPLETED
8726accddffbdc0387c328fd,mas,1,2779701.0,0.0,1342.0,COMPLETED
f42cf7f13ded6244c5334a74,mas,0,2780261.0,0.0,834.0,COMPLETED
12edc7fbe2f7ed1ea13b2b46,mas,3,2780001.0,0.0,7370.0,COMPLETED
8ff1f185b2f90028f756fa90,mas,3,2756939.0,0.0,32035.0,COMPLETED
c295c630e77c94ea0bfb109e,mas,3,2789367.0,0.0,364.0,COMPLETED
5b4c7561e5ec48e0c3b0a529,mas,1,2789371.0,0.0,636.0,COMPLETED
55491b137153595f3948addb,mas,1,2789678.0,0.0,963.0,COMPLETED
0eac911db16ccf04d5e01e66,mas,2,2787745.0,0.0,4124.0,COMPLETED
df33c0c4b76d46e930d2afc1,mas,3,2792092.0,0.0,266.0,COMPLETED
9ca3ab78a0c7475a704bfe83,mas,1,2787508.0,0.0,4980.0,COMPLETED
987a236bd06007f9088be285,mas,0,2786364.0,0.0,8897.0,COMPLETED
0d3928caad3bc0bc6a2e83ad,mas,0,2795304.0,0.0,80.0,COMPLETED
c32cc544e1ac807e596d2077,mas,0,2795511.0,0.0,56.0,COMPLETED
232b18f32e4606c63764a56a,mas,0,2800571.0,0.0,290.0,COMPLETED
8d5ebdefffe4460cf52158af,mas,0,2800769.0,0.0,334.0,COMPLETED
68bf697bed1c909a456da910,mas,0,2800395.0,0.0,4138.0,COMPLETED
2b9322f0ac7bfb89bca7ca8f,mas,0,2800310.0,0.0,4367.0,COMPLETED
802ed542f3c271c2fbe61212,mas,0,2800647.0,0.0,4404.0,COMPLETED
9adca852d5d36a1320a6c3ee,mas,0,2805204.0,0.0,48.0,COMPLETED
ec6f635a944072d38650de96,mas,3,2808220.0,0.0,53.0,COMPLETED
0551a291664101191242ae3c,mas,3,2808336.0,0.0,2067.0,COMPLETED
9497de5e147dab8faf421519,mas,2,2810507.0,0.0,313.0,COMPLETED
1df49b62489ca5cacdeab340,mas,1,2797571.0,0.0,13321.0,COMPLETED
50346f97f3ffabf877a0e51a,mas,0,2819807.0,0.0,45.0,COMPLETED
cdae7407033ca24212aec67b,mas,1,2821317.0,0.0,61.0,COMPLETED
09a02a7673d9b0d9e6cd1d1a,mas,2,2824859.0,0.0,349.0,COMPLETED
0d00fedc897ea65ff5172d8d,mas,0,2820060.0,0.0,6750.0,COMPLETED
90cbc202074c118c037614f2,mas,1,2826700.0,0.0,708.0,COMPLETED
0557cdd0dfe39c46a41369cd,mas,1,2829404.0,0.0,1144.0,COMPLETED
ce81a322aaf27c6ccc6bb82f,mas,3,2830544.0,0.0,185.0,COMPLETED
894080776f6f968b5d20c19f,mas,1,2834285.0,0.0,2101.0,COMPLETED
3b69d9638f5aa108a02741a9,mas,2,2835983.0,0.0,2612.0,COMPLETED
ebad876c519fa62bd783c0e7,mas,0,2812018.0,0.0,29460.0,COMPLETED
57acd52d03d69178c7456291,mas,1,2845586.0,0.0,1153.0,COMPLETED
6e7542ce7627e84219f66740,mas,3,2856423.0,0.0,3010.0,COMPLETED
5764c8f645eb622d98fa425a,mas,1,2858710.0,0.0,1651.0,COMPLETED
0a8d9b1d5e9df69daf67e237,mas,2,2837079.0,0.0,23302.0,COMPLETED
6403e345ebb6c4cd6c134f84,mas,3,2861160.0,0.0,134.0,COMPLETED
408af3dc9f99d8adc113a29c,mas,3,2861127.0,0.0,2781.0,COMPLETED
a0f226b1ffb7e5f950d664b0,mas,1,2862694.0,0.0,1238.0,COMPLETED
7daa6adeb0469e8c39577835,mas,2,2859201.0,0.0,4774.0,COMPLETED
bb6143c815524ae11857b7b2,mas,3,2866642.0,0.0,99.0,COMPLETED
b026ff14b57b69994d8a8b23,mas,3,2867275.0,0.0,1394.0,COMPLETED
e999bf31174e23bbf8b6c75b,mas,0,2855009.0,0.0,13713.0,COMPLETED
9ab1bc7b876aafa1f171900a,mas,3,2869974.0,0.0,358.0,COMPLETED
62e61a87983d6c8672ac1ee0,mas,3,2871311.0,0.0,58.0,COMPLETED
6cb8e465254299f42342cf5a,mas,3,2871673.0,0.0,596.0,COMPLETED
21fc97ebaa83c80adf8fab2b,mas,3,2876024.0,0.0,597.0,COMPLETED
1a48d06a23710605d5b022f0,mas,3,2880146.0,0.0,64.0,COMPLETED
a7c55e46a801b83e7abc4262,mas,0,2880652.0,0.0,385.0,COMPLETED
f05f483f31d22703a7bf9d26,mas,2,2863057.0,0.0,22998.0,COMPLETED
e0e29270e8aba4025b300d1e,mas,1,2865691.0,0.0,21838.0,COMPLETED
901985c55073402639f8c3d1,mas,2,2887236.0,0.0,1127.0,COMPLETED
308cf1c822b544274b8e56a9,mas,3,2890254.0,0.0,1118.0,COMPLETED
10a841dfaece515b4b9ed2f2,mas,1,2890277.0,0.0,1922.0,COMPLETED
9b46fd3dd6cd3f68497670f5,mas,0,2805425.0,0.0,90479.0,COMPLETED
fac4de10adc100058d5e9f87,mas,0,2895984.0,0.0,2656.0,COMPLETED
50058ed8f1af44c7e24fbc04,mas,0,2899468.0,0.0,204.0,COMPLETED
293b3fa1fa4430edda4f13eb,mas,0,2900698.0,0.0,162.0,COMPLETED
6906dfda6a4505f91692e776,mas,1,2876728.0,0.0,29446.0,COMPLETED
4381c20a8cd46a4d0d10fcd0,mas,2,2909964.0,0.0,158.0,COMPLETED
6f247d1be962af63b414eefb,mas,0,2912913.0,0.0,174.0,COMPLETED
b5ee66ea28d9ac3f6c37f7c7,mas,0,2919720.0,0.0,332.0,COMPLETED
7164cc29db167f85ac916f7f,mas,0,2927826.0,0.0,445.0,COMPLETED
9e076a75cc731d7dd68bd15d,mas,1,2927968.0,0.0,984.0,COMPLETED
b38a654713f3130a678cee02,mas,3,2929690.0,0.0,35.0,COMPLETED
8abe47f2a5c0d173d3be78ca,mas,0,2928033.0,0.0,2290.0,COMPLETED
57e5102810c92d1f9cb6d3c2,mas,3,2928137.0,0.0,2645.0,COMPLETED
d417e0e589406dd66e947254,mas,0,2934118.0,0.0,63.0,COMPLETED
be2f74e6ee39d87aef8ced33,mas,2,2939120.0,0.0,207.0,COMPLETED
c1564050399d4d409f7b7104,mas,0,2935638.0,0.0,5097.0,COMPLETED
af5f832b64843ede96dc2d8f,mas,1,2947678.0,0.0,211.0,COMPLETED
90ae3f7b61b442e2f6a7b8ba,mas,1,2949933.0,0.0,1527.0,COMPLETED
6eabab41b1901dcb1d2136e9,mas,3,2955411.0,0.0,150.0,COMPLETED
97ebf723b8a6a20e190a3c96,mas,2,2955854.0,0.0,532.0,COMPLETED
78f19dedeab2bcd86bd92d3e,mas,3,2955859.0,0.0,1521.0,COMPLETED
96561cbd4121b06f5daeb38d,mas,1,2953869.0,0.0,4943.0,COMPLETED
28d1cf77e3142f3075d9886a,mas,1,2961026.0,0.0,367.0,COMPLETED
2cfef3f5336d09b8f21463ad,mas,1,2962311.0,0.0,151.0,COMPLETED
d271643d13ee92cdebf8fab3,mas,1,2962560.0,0.0,164.0,COMPLETED
ee9541c14e8e5918aa3be14a,mas,2,2964384.0,0.0,35.0,COMPLETED
01a4c6f67f043a339b0297e3,mas,1,2964185.0,0.0,336.0,COMPLETED
ef76f16e1077b1af8bde8a19,mas,1,2967191.0,0.0,303.0,COMPLETED
e479b9c9f92f4164ac090ce0,mas,1,2967151.0,0.0,416.0,COMPLETED
11607b7fbfeac38b1720f7eb,mas,0,2949547.0,0.0,20308.0,COMPLETED
0221852db0d38e6953ef29d3,mas,2,2971161.0,0.0,266.0,COMPLETED
be891f789bfe684cef2c655a,mas,0,2969926.0,0.0,3332.0,COMPLETED
2c62a4a6d4338b916ea57245,mas,0,2973713.0,0.0,341.0,COMPLETED
d0f9a68ce68cf1ca6df0868e,mas,3,2974421.0,0.0,270.0,COMPLETED
dc628e7fd38433fad4831296,mas,1,2973899.0,0.0,3134.0,COMPLETED
41cef949ebf1173b2b248753,mas,0,2979329.0,0.0,78.0,COMPLETED
5afd2a9784d80c2f37e1e7a0,mas,2,2980008.0,0.0,140.0,COMPLETED
5ac7f0114ab3813802040655,mas,1,2980344.0,0.0,1045.0,COMPLETED
0dcde5534627323616849590,mas,0,2979854.0,0.0,2235.0,COMPLETED
25913f9c44507f79d0a64a47,mas,0,2984518.0,0.0,411.0,COMPLETED
89de1220ab8ab949850675ce,mas,0,2985701.0,0.0,2311.0,COMPLETED
c571a92331585827071037d0,mas,1,2989458.0,0.0,207.0,COMPLETED
5a5797066a9b1a753807045d,mas,1,2996887.0,0.0,142.0,COMPLETED
aa6b61a2503e04de50444d02,mas,1,2997164.0,0.0,604.0,COMPLETED
7b250fbfdb47113f38911edb,mas,0,3000916.0,0.0,357.0,COMPLETED
62a4aa7af2db9060617f06b5,mas,1,2999910.0,0.0,1834.0,COMPLETED
567523846c7f31dc058b530f,mas,2,3000660.0,0.0,4898.0,COMPLETED
faaf5ea86487e51951012d56,mas,0,3004353.0,0.0,1743.0,COMPLETED
143869d272f379f0c013882b,mas,1,3002387.0,0.0,4066.0,COMPLETED
92a8775b4fa55826eb43537b,mas,2,3007905.0,0.0,93.0,COMPLETED
332d4db43f49283bcc364a38,mas,2,3006859.0,0.0,1556.0,COMPLETED
59f3694aa0dd5451b2298e9e,mas,0,3008743.0,0.0,1044.0,COMPLETED
df8cc22afd633f1bc3d96ddb,mas,2,3009354.0,0.0,6413.0,COMPLETED
e096bb6266169542fd84a450,mas,2,3017476.0,0.0,656.0,COMPLETED
1958fb569e275caca295724b,mas,1,3024035.0,0.0,309.0,COMPLETED
147b67f9d01329b7580c0c52,mas,1,3023706.0,0.0,1131.0,COMPLETED
b5d708a6f5e40335d70690ae,mas,3,3005610.0,0.0,26096.0,COMPLETED
2f59d0c03de2ee46a14e1f19,mas,0,3032508.0,0.0,769.0,COMPLETED
3ae2c0ee73cb0d6505541b5c,mas,3,3033013.0,0.0,1815.0,COMPLETED
bdd742c2ab09f4a9ea4e6b05,mas,0,3033214.0,0.0,1797.0,COMPLETED
d06c1acc0118e84d205d4e48,mas,2,3034987.0,0.0,94.0,COMPLETED
e28a97954a2df09e23960618,mas,1,3032969.0,0.0,2215.0,COMPLETED
0f6186b5fbb5760a72a07c62,mas,3,3035638.0,0.0,272.0,COMPLETED
fab51ea1c6144420bb56f850,mas,3,3036299.0,0.0,267.0,COMPLETED
f7aa03a8eb630c7ecebc4da5,mas,1,3041207.0,0.0,297.0,COMPLETED
2385aab8410cebc2ecc72b23,mas,0,3036470.0,0.0,8301.0,COMPLETED
66cd00c92501103c2bc460e2,mas,0,3045178.0,0.0,247.0,COMPLETED
d410943f542acbe1d5fb5fdb,mas,0,3046860.0,0.0,235.0,COMPLETED
11c32d5cbb49427ff38e068e,mas,1,3047788.0,0.0,34.0,COMPLETED
e53ae04be2102bc695268772,mas,1,3047812.0,0.0,436.0,COMPLETED
66373c84dc70fa0ec7842745,mas,3,3047656.0,0.0,739.0,COMPLETED
2f8cbfdcda566121091488aa,mas,3,3053629.0,0.0,28.0,COMPLETED
238adee6a579335c6ad0c0da,mas,0,3054748.0,0.0,218.0,COMPLETED
bc70be75768b615e05c605d0,mas,2,3053013.0,0.0,3039.0,COMPLETED
e11701e33f0e71595ec330c7,mas,1,3043737.0,0.0,12615.0,COMPLETED
6b97fcd3150a9f8b65422300,mas,1,3060492.0,0.0,17.0,COMPLETED
0fd586bf3a7ebe6c324bc7bf,mas,1,3060946.0,0.0,348.0,COMPLETED
86fb3a28b9b353c06018d23a,mas,1,3061504.0,0.0,63.0,COMPLETED
54d513cdb7a6f0c06c8b9b1c,mas,3,3062963.0,0.0,56.0,COMPLETED
631eedc92dae1545bfcf6f97,mas,0,3047172.0,0.0,17773.0,COMPLETED
01504478c83a4fcd1d5c915f,mas,3,3065918.0,0.0,339.0,COMPLETED
e726de24ed5179f9ab9175c7,mas,1,3067763.0,0.0,1750.0,COMPLETED
6c387bfe4ee9165edfbceedb,mas,1,3071337.0,0.0,958.0,COMPLETED
0bea135d72fbbbc9d17c9e12,mas,2,3075296.0,0.0,636.0,COMPLETED
b77d1ec406033131e049fe75,mas,1,3076656.0,0.0,195.0,COMPLETED
cd7a81a712500b6baf6e02aa,mas,0,3070050.0,0.0,7336.0,COMPLETED
fa22bcb1cd821ea862f8f293,mas,1,3080988.0,0.0,2396.0,COMPLETED
b2bc7dae67e83ebe20a8cd2d,mas,2,3090803.0,0.0,255.0,COMPLETED
f227d2942e29c38fd0fc30e4,mas,2,3092414.0,0.0,213.0,COMPLETED
f46fc827e9392b294a49f433,mas,0,3087617.0,0.0,5300.0,COMPLETED
255dc3096864b949c4eaed5f,mas,2,3096050.0,0.0,97.0,COMPLETED
b8650ea7c4fb37f9b1f227bd,mas,1,3101051.0,0.0,211.0,COMPLETED
14cbeceb571a719a4aedf03d,mas,0,3110522.0,0.0,70.0,COMPLETED
20f377582fd997447bdadd00,mas,2,3118608.0,0.0,371.0,COMPLETED
bacae1c91966c0030b51ce40,mas,0,3115060.0,0.0,4412.0,COMPLETED
63ae2dc4af0001da642b1d81,mas,1,3117673.0,0.0,3060.0,COMPLETED
fe95e1175b0f51c8a0e6ad00,mas,2,3125112.0,0.0,895.0,COMPLETED
2bba75069e4ed5a786c96f3b,mas,2,3112679.0,0.0,22144.0,COMPLETED
1bf17ff77568ee1e29539343,mas,3,3137164.0,0.0,177.0,COMPLETED
137351ed061dbb2999654f6d,mas,0,3137255.0,0.0,387.0,COMPLETED
b3a4e6f65070adaea07626d2,mas,2,3138840.0,0.0,1736.0,COMPLETED
e9eef4160553114e3338a493,mas,2,3140180.0,0.0,605.0,COMPLETED
c2b099b71062a5e504cdb1fe,mas,2,3141000.0,0.0,29.0,COMPLETED
63b67c879f6f47f87276ced8,mas,3,3136907.0,0.0,4266.0,COMPLETED
9ba8083652e6dc6d58045eae,mas,2,3139163.0,0.0,3217.0,COMPLETED
adf76d4c0a4e34406f584379,mas,2,3142414.0,0.0,104.0,COMPLETED
d68304f4d6cbd5143ccb174d,mas,2,3144934.0,0.0,854.0,COMPLETED
8352f99ae40ae66c1702a910,mas,1,3145923.0,0.0,36.0,COMPLETED
40ad2e566b96d621e35a804b,mas,0,3151977.0,0.0,34.0,COMPLETED
ab4bfcb0e39be4a799470b1c,mas,3,3120714.0,0.0,32460.0,COMPLETED
aeadc1588344ac523af5b065,mas,3,3154611.0,0.0,36.0,COMPLETED
2a1622bee7afb77683c1bc7d,mas,0,3156496.0,0.0,75.0,COMPLETED
5b6541be922e3e6ec42b08bc,mas,0,3157113.0,0.0,114.0,COMPLETED
b8ec6e479bb0dab39405829f,mas,2,3154426.0,0.0,2846.0,COMPLETED
9ed98db8552248dfa30ad28c,mas,1,3157286.0,0.0,38.0,COMPLETED
995b0c8cc2cd30ad14606636,mas,1,3156692.0,0.0,816.0,COMPLETED
00ff5a77794e66646b961ab2,mas,3,3154975.0,0.0,3624.0,COMPLETED
8ab79568c6e9ebecf4a63212,mas,3,3156388.0,0.0,8558.0,COMPLETED
ba8eb1d2f1dbc24a052bc7c1,mas,3,3170451.0,0.0,355.0,COMPLETED
e0d33494920fdb18d4974673,mas,0,3121194.0,0.0,50052.0,COMPLETED
9e9517204cad4fe9e69ea50f,mas,0,3171367.0,0.0,54.0,COMPLETED
9c403f9ecc24eb3461b22402,mas,1,3171205.0,0.0,219.0,COMPLETED
da56ca7534a323855f0100d2,mas,3,3171025.0,0.0,552.0,COMPLETED
5a21296e7c03fc6fa1f2e377,mas,0,3174402.0,0.0,53.0,COMPLETED
6f8ac83c2e9cbb71098e795a,mas,0,3183460.0,0.0,118.0,COMPLETED
731cc9014df831e13306785a,mas,1,3181010.0,0.0,3193.0,COMPLETED
91d36695399743f9f09d1942,mas,0,3187105.0,0.0,37.0,COMPLETED
4cc5a0c98e0ce06dfde736e3,mas,2,3177473.0,0.0,11053.0,COMPLETED
f75874a63504d5f68379f406,mas,1,3189206.0,0.0,34.0,COMPLETED
81c3c235ba9c6ddf60a7a7b0,mas,3,3187879.0,0.0,7553.0,COMPLETED
ea3f391bd3815a8ad800bbd4,mas,2,3168461.0,0.0,36800.0,COMPLETED
e864abb0fb0223921c9eadcf,mas,0,3197314.0,0.0,12815.0,COMPLETED
41da5cdf110d7b812bcb1d22,mas,3,3209983.0,0.0,648.0,COMPLETED
4063252bc323e4e4425a60ff,mas,0,3211344.0,0.0,53.0,COMPLETED
e6c707919d1d2fea67581bad,mas,0,3211599.0,0.0,266.0,COMPLETED
757d63185ad98e96f359cc10,mas,0,3212320.0,0.0,246.0,COMPLETED
9a66a9afb5ddc7b1b312d9ef,mas,0,3221225.0,0.0,39.0,COMPLETED
4b5d3f939d208e3142a27816,mas,3,3224405.0,0.0,176.0,COMPLETED
5cc6d2abb5c3d30ad35ed3a2,mas,3,3221890.0,0.0,2754.0,COMPLETED
93761a50fe6389cd38ddc33c,mas,0,3229267.0,0.0,407.0,COMPLETED
3cdddac281e5ca452d236dcf,mas,3,3232457.0,0.0,196.0,COMPLETED
b5a49fd7a4f8d2a66c89bf92,mas,3,3234036.0,0.0,68.0,COMPLETED
96970b26bbdc04bb5b8fbfc3,mas,0,3239924.0,0.0,35.0,COMPLETED
978e6305079762069e02e6d6,mas,0,3232182.0,0.0,8677.0,COMPLETED
39b70299b47684f3cd8422e3,mas,0,3255388.0,0.0,1909.0,COMPLETED
64b195d3a53388dc5fd1b28c,mas,3,3260234.0,0.0,378.0,COMPLETED
f2175fe874d538ea9c0dad95,mas,2,3260160.0,0.0,2327.0,COMPLETED
45941437fc5bfb460a557f0b,mas,0,3265794.0,0.0,223.0,COMPLETED
866c6bd39ee210a507fa6d47,mas,2,3273017.0,0.0,1425.0,COMPLETED
038b9bc04f4d2e0c3c4e63fa,mas,3,3279107.0,0.0,505.0,COMPLETED
12349e40fac2c6f93b4aaa18,mas,3,3280221.0,0.0,355.0,COMPLETED
3b60ecb907c212c5e1f4e745,mas,3,3283969.0,0.0,1238.0,COMPLETED
567e040e1e146a37c6dcd458,mas,3,3286235.0,0.0,13.0,COMPLETED
607200c9dc301cac80e3b685,mas,0,3277133.0,0.0,11266.0,COMPLETED
9c1bd9d0be949d6ebe186731,mas,3,3288379.0,0.0,28.0,COMPLETED
30c1d5769de1e680cc637612,mas,1,3286981.0,0.0,5368.0,COMPLETED
c3cf848432d6a5a4d460af57,mas,2,3295255.0,0.0,138.0,COMPLETED
bb6780ae065f116a73d7d231,mas,0,3297291.0,0.0,108.0,COMPLETED
3f4e16469ebfed41130f2676,mas,3,3296642.0,0.0,1314.0,COMPLETED
3ab9a01c80c6344ba828c79f,mas,0,3297983.0,0.0,34.0,COMPLETED
059b06206db6b23d3fdf621a,mas,0,3299558.0,0.0,3412.0,COMPLETED
9e6418e448cddf91fccdd513,mas,1,3284739.0,0.0,19789.0,COMPLETED
83dfed911454faa88425bb20,mas,3,3303102.0,0.0,2104.0,COMPLETED
bbb334804ac0b6da32ef9c61,mas,3,3318837.0,0.0,4336.0,COMPLETED
d7462de5bb62c07d1315d400,mas,1,3322788.0,0.0,586.0,COMPLETED
077e836411e6a770dffdaeaf,mas,3,3288242.0,0.0,38424.0,COMPLETED
a743bfc7e0f815b90263bd87,mas,3,3317505.0,0.0,12521.0,COMPLETED
4ca11b19543f7db673436453,mas,0,3330586.0,0.0,5362.0,COMPLETED
d47811b795e617951d020058,mas,0,3333122.0,0.0,3775.0,COMPLETED
101ebf641e8d4eef2e1aa599,mas,2,3142750.0,0.0,195703.0,COMPLETED
feed1edfddf196346b06db5b,mas,0,3339215.0,0.0,88.0,COMPLETED
6712c774bf98207395836f71,mas,2,3299782.0,0.0,44335.0,COMPLETED
f0afd6724adb9fbbbf94b405,mas,2,3343776.0,0.0,6672.0,COMPLETED
a7369d03d9b75d0de9477bad,mas,3,3346078.0,0.0,4690.0,COMPLETED
2d6df242ab8978a3f9302224,mas,3,3358882.0,0.0,266.0,COMPLETED
f7c62dbda50774fae53dd16b,mas,2,3361456.0,0.0,185.0,COMPLETED
3c3b0aa71cc8f60ad6a39282,mas,2,3371510.0,0.0,661.0,COMPLETED
d43c252f6c0d994fd051128c,mas,2,3374223.0,0.0,63.0,COMPLETED
f7fcbe7e859a327124fb21cb,mas,0,3355091.0,0.0,19629.0,COMPLETED
dd8ea188ff1828a560514b72,mas,0,3377273.0,0.0,317.0,COMPLETED
4536aaee212e8128db253ef9,mas,0,3381132.0,0.0,28.0,COMPLETED
7a2196b921c79d36233b2fff,mas,2,3383440.0,0.0,90.0,COMPLETED
12f71d9d223f6b11bb1dc886,mas,3,3384060.0,0.0,377.0,COMPLETED
ab9e31b52cf571ebb34d5dde,mas,0,3380601.0,0.0,4014.0,COMPLETED
7b1916999fc6c5bf3d4e437f,mas,0,3384949.0,0.0,741.0,COMPLETED
5650ae0299c7f174187a5507,mas,3,3388860.0,0.0,273.0,COMPLETED
418151e25321be4e50a1bd7f,mas,0,3387692.0,0.0,3157.0,COMPLETED
9f017ed60474001542214140,mas,1,3387693.0,0.0,5406.0,COMPLETED
6ff5ccb47e5c17b072a82a61,mas,3,3393045.0,0.0,55.0,COMPLETED
afe0769e231604ba99b51563,mas,3,3392787.0,0.0,2037.0,COMPLETED
b229ae32aeb034360fee4746,mas,1,3159927.0,0.0,235355.0,COMPLETED
f495a711b9228eb7d40e788c,mas,0,3395060.0,0.0,616.0,COMPLETED
aa6b70c89f223c4c01c40566,mas,2,3396333.0,0.0,1607.0,COMPLETED
251278f770eefb0d4c922375,mas,0,3398535.0,0.0,58.0,COMPLETED
bcc6ded1f0c92182de4b0ae4,mas,3,3399967.0,0.0,98.0,COMPLETED
f14f065efec0c42a0dee3c34,mas,2,3381580.0,0.0,19065.0,COMPLETED
38380cc328ddc88bcac38617,mas,3,3402156.0,0.0,61.0,COMPLETED
7c796665c7975ddff90f2227,mas,3,3402327.0,0.0,39.0,COMPLETED
e69d865f484e0788bd57d3e3,mas,0,3403232.0,0.0,445.0,COMPLETED
55075aeaf24693a4eac5fb64,mas,3,3393072.0,0.0,14463.0,COMPLETED
c03789538f8920a6c4af3ca7,mas,3,3407047.0,0.0,1669.0,COMPLETED
90945ebb5cfe93917905ae58,mas,2,3411648.0,0.0,123.0,COMPLETED
7b2e55d7c0c32f0070d02435,mas,1,3415671.0,0.0,1527.0,COMPLETED
0f7f00e2365b2278c4570c11,mas,2,3416745.0,0.0,497.0,COMPLETED
0222db2d72b5859b3f181167,mas,1,3420254.0,0.0,214.0,COMPLETED
00a627acf201e0b633ce5e84,mas,1,3422432.0,0.0,125.0,COMPLETED
4d863cceb2e719ea00246221,mas,0,3415892.0,0.0,14442.0,COMPLETED
fe46fc0099ada25e472c2066,mas,0,3432820.0,0.0,3292.0,COMPLETED
b50e9130c84d010b89a2c1df,mas,0,3438438.0,0.0,1812.0,COMPLETED
556562cd886f38040e647c7e,mas,3,3443859.0,0.0,61.0,COMPLETED
e42a7cbeb3aa7c762293adf3,mas,0,3443749.0,0.0,326.0,COMPLETED
195aeeb0ed8ecfa9fff64004,mas,1,3457076.0,0.0,360.0,COMPLETED
261017a00c98c4fa077a1a77,mas,0,3460169.0,0.0,2840.0,COMPLETED
70ddf004cc2c978cd08c04ef,mas,1,3443145.0,0.0,20278.0,COMPLETED
7a5189897c6094708358400f,mas,1,3463526.0,0.0,1409.0,COMPLETED
acb08f42a128849b3a0b88c6,mas,1,3469057.0,0.0,111.0,COMPLETED
266084c325a1456fc6afbfbf,mas,3,3469660.0,0.0,24.0,COMPLETED
2fc941c8c4608c1a5163cc6b,mas,0,3468619.0,0.0,3773.0,COMPLETED
06371fda73089d6b2f9dadbf,mas,1,3472239.0,0.0,304.0,COMPLETED
5c7176f1204dd4dfafaf510f,mas,1,3472551.0,0.0,173.0,COMPLETED
fee8be8f4056991d69c909b5,mas,0,3478224.0,0.0,1322.0,COMPLETED
d4e1756270188ff984ffacea,mas,1,3478277.0,0.0,1439.0,COMPLETED
12ecc2c8ab24cc0abe18456a,mas,1,3479495.0,0.0,1964.0,COMPLETED
b8d972f4a059499fc3c8d1c6,mas,3,3485520.0,0.0,93.0,COMPLETED
7f776fda9267fd581aea303c,mas,0,3481303.0,0.0,6311.0,COMPLETED
162a38f54a57f427b57c4b60,mas,3,3479217.0,0.0,9596.0,COMPLETED
b96059dddc96b165964fe6ea,mas,2,3487889.0,0.0,1140.0,COMPLETED
24d05845cdfb9462ab3a1b71,mas,2,3487991.0,0.0,1694.0,COMPLETED
e7d91880ed53fd81a5fb981f,mas,0,3491899.0,0.0,2682.0,COMPLETED
fe548e0bb858bc0969b6021c,mas,0,3497187.0,0.0,24.0,COMPLETED
733891e7e3c9384608b5f3ff,mas,2,3498978.0,0.0,648.0,COMPLETED
75adb11327900d753e4ad597,mas,1,3500389.0,0.0,356.0,COMPLETED
dd7f766eaca8e1affe47167d,mas,2,3498551.0,0.0,5089.0,COMPLETED
4ba8d282c94ddee4f52582ed,mas,1,3504818.0,0.0,1884.0,COMPLETED
a709f178fb2210763f71552b,mas,1,3514093.0,0.0,48.0,COMPLETED
e5c20cfaee9a65007169c7fd,mas,3,3516189.0,0.0,566.0,COMPLETED
e63430e4da03362c2ac5ec9f,mas,0,3509964.0,0.0,6959.0,COMPLETED
48f091876a796d05883198cf,mas,2,3517722.0,0.0,2276.0,COMPLETED
41e371d6f7df5e51e9e05e62,mas,1,3517934.0,0.0,3474.0,COMPLETED
d8413ad4b46d6165d200e173,mas,1,3532843.0,0.0,786.0,COMPLETED
d35851c587631a452dccb703,mas,0,3537482.0,0.0,30.0,COMPLETED
e51b23ce0025b9232338e41a,mas,3,3541937.0,0.0,35.0,COMPLETED
3716d0dd5dc58322a0675fcf,mas,1,3545180.0,0.0,132.0,COMPLETED
e2a36633df3de2a8ce563b05,mas,0,3510640.0,0.0,34911.0,COMPLETED
59d85c5c9c23359e17bf0231,mas,0,3546404.0,0.0,63.0,COMPLETED
27f4bc4a87f7f939040403f8,mas,1,3551339.0,0.0,206.0,COMPLETED
70f98b9731a5715d4ed11aa7,mas,3,3551340.0,0.0,449.0,COMPLETED
708789d4cd847443954c2a66,mas,2,3517878.0,0.0,36460.0,COMPLETED
4030a4b0fbd0b291874e6793,mas,0,3557321.0,0.0,73.0,COMPLETED
d0bfe58991e050d9f467c161,mas,0,3558508.0,0.0,326.0,COMPLETED
c0601d400b98aaad802ccba0,mas,2,3562868.0,0.0,237.0,COMPLETED
a8f881b555916d3d173f1ad6,mas,3,3557520.0,0.0,6411.0,COMPLETED
c16776dd6856187ecb6f2896,mas,0,3564966.0,0.0,220.0,COMPLETED
34667342ddf14fa70dbc5d3f,mas,2,3551013.0,0.0,14357.0,COMPLETED
4519514610da71ffeee467e0,mas,0,3568924.0,0.0,3632.0,COMPLETED
a3849919132ebaedfac1e238,mas,0,3573269.0,0.0,36.0,COMPLETED
80b0dd5a7c6aa9ecb2461ffe,mas,0,3576646.0,0.0,2622.0,COMPLETED
986809cc33b26fd5f431c1c6,mas,3,3588666.0,0.0,860.0,COMPLETED
9cf382542523e84df94d722e,mas,3,3590706.0,0.0,719.0,COMPLETED
89811ab8ddd0c5f1ad0f8ef7,mas,1,3583799.0,0.0,12860.0,COMPLETED
40080ff0aefa6b8290e43508,mas,3,3597046.0,0.0,360.0,COMPLETED
d5ccbea71965206cc4182d06,mas,1,3597779.0,0.0,83.0,COMPLETED
208937ffd6c9265334305435,mas,0,3582588.0,0.0,16342.0,COMPLETED
df0ef692e37e77a67c4ff050,mas,3,3600993.0,0.0,415.0,COMPLETED
05912b10f1884c6a161f2edb,mas,1,3602716.0,0.0,35.0,COMPLETED
94f872b3522741e84e20dbe7,mas,3,3606857.0,0.0,228.0,COMPLETED
acc347f689f4a947fae5f213,mas,1,3606141.0,0.0,4382.0,COMPLETED
de63ce370b4cf31719cebb54,mas,3,3607860.0,0.0,4050.0,COMPLETED
1e9263ce83d0e83ac288af18,mas,1,3596200.0,0.0,17215.0,COMPLETED
fc4619f048eb2e8016b50cbd,mas,0,3609360.0,0.0,5430.0,COMPLETED
3e4adb553c139a2fde8c25db,mas,2,3613100.0,0.0,5557.0,COMPLETED
bf7b54d7aa633f8e91474956,mas,0,3598037.0,0.0,21069.0,COMPLETED
331c3613cadec5dc49f86e7b,mas,0,3608533.0,0.0,10921.0,COMPLETED
4d017ac8355e6411093ca9ce,mas,0,3622223.0,0.0,13.0,COMPLETED
a354e34c4e9ad0f272552155,mas,1,3624063.0,0.0,23.0,COMPLETED
76091a5cb8ab2424a0a6166a,mas,0,3622751.0,0.0,2255.0,COMPLETED
f15ba20f27e118446094ce09,mas,1,3621976.0,0.0,3855.0,COMPLETED
293b65dc565bedbb13736c7f,mas,1,3623991.0,0.0,3797.0,COMPLETED
5eefd2bfbd0b7036da714290,mas,2,3620940.0,0.0,11980.0,COMPLETED
97bcf91890c6b81e3e9a9464,mas,0,3635305.0,0.0,474.0,COMPLETED
7438f9a29d4c0405ec4e96b5,mas,1,3635403.0,0.0,447.0,COMPLETED
4aa3bd777a137715daf0fda6,mas,1,3635815.0,0.0,405.0,COMPLETED
b6dd749f92a19f427dea1bda,mas,1,3630619.0,0.0,5612.0,COMPLETED
c8977661b7ae2ca304787076,mas,2,3638799.0,0.0,47.0,COMPLETED
ae1a956167bd07b428525cee,mas,0,3638707.0,0.0,355.0,COMPLETED
969e556a8089fc1595f9b8e0,mas,2,3642138.0,0.0,61.0,COMPLETED
1d03d28de544738cb9ea4e04,mas,0,3633365.0,0.0,8877.0,COMPLETED
996e977ad078253cc4b0e51c,mas,1,3641846.0,0.0,427.0,COMPLETED
94c8c7b2b06a5814fa2c062b,mas,1,3647108.0,0.0,158.0,COMPLETED
c383dd4c990768eb2a2e4aea,mas,0,3649101.0,0.0,93.0,COMPLETED
26163ef7a1649d2290ddefdc,mas,1,3644909.0,0.0,4537.0,COMPLETED
53dcf070bf1fec2da226e987,mas,1,3652334.0,0.0,43.0,COMPLETED
e20d54e3edf349287201724c,mas,1,3653298.0,0.0,20.0,COMPLETED
13fbe71d59236a25d217184f,mas,0,3653856.0,0.0,624.0,COMPLETED
2ca0c4dccf896bd2f2b1532e,mas,1,3643039.0,0.0,11702.0,COMPLETED
b0fae6e553356b6042c5a88a,mas,1,3652572.0,0.0,2475.0,COMPLETED
52f878898cc21102db3df0f1,mas,0,3650951.0,0.0,4209.0,COMPLETED
f480b97856a29a1269f59799,mas,1,3658677.0,0.0,265.0,COMPLETED
a2b42490bb3b335d0c82dd76,mas,1,3669806.0,0.0,64.0,COMPLETED
5a1cdf5528da597815393288,mas,0,3671562.0,0.0,51.0,COMPLETED
6bef753f6b16c274379f54ca,mas,0,3663909.0,0.0,8696.0,COMPLETED
65179b6bc3657763e2761bce,mas,0,3671385.0,0.0,1707.0,COMPLETED
a557256b770655e07539fb08,mas,2,3620942.0,0.0,56646.0,COMPLETED
7814e0e778337c994e573940,mas,3,3620378.0,0.0,59707.0,COMPLETED
5f91c2dbbb2a071ae04d7e7a,mas,2,3681202.0,0.0,345.0,COMPLETED
a94606da199bc36728ae4860,mas,3,3685135.0,0.0,53.0,COMPLETED
1bf3ef5eca22ed2d4b88fe95,mas,1,3665793.0,0.0,20135.0,COMPLETED
a1dc1a20cba859a19d7335c6,mas,0,3688646.0,0.0,180.0,COMPLETED
d105b2275f8117fd9fcd7a49,mas,1,3689966.0,0.0,189.0,COMPLETED
2f5a71f8d576f00297253e1c,mas,3,3687966.0,0.0,4895.0,COMPLETED
15a6f8c216d224e084d9cd04,mas,3,3696169.0,0.0,316.0,COMPLETED
2c0f307914a2e4ed8f8d52f5,mas,0,3684106.0,0.0,15619.0,COMPLETED
e02ff703610cad6f19e09af2,mas,3,3697064.0,0.0,4157.0,COMPLETED
7e49fdacd369b43f4f1f6a03,mas,3,3702704.0,0.0,404.0,COMPLETED
ac4d39c1c0cd86ca440adaaf,mas,0,3708900.0,0.0,103.0,COMPLETED
43058a38af1c6ff2b450dd9f,mas,0,3708909.0,0.0,226.0,COMPLETED
aaa8c5e2a122b9d67808228d,mas,3,3710879.0,0.0,55.0,COMPLETED
c7daa8417394c04ddb518715,mas,0,3711205.0,0.0,40.0,COMPLETED
f2910ebb550bb39297d6804f,mas,0,3713551.0,0.0,33.0,COMPLETED
8cd96aba1681ae31ae289b8e,mas,3,3721285.0,0.0,69.0,COMPLETED
33afc09a55ad107a08ea47ed,mas,1,3687038.0,0.0,36987.0,COMPLETED
ba42b560afbeeb2122c3b9ee,mas,0,3723926.0,0.0,152.0,COMPLETED
9263bb7312f1153113b76dad,mas,0,3722219.0,0.0,4687.0,COMPLETED
bcee57ed537dbd5fd620b669,mas,0,3729797.0,0.0,213.0,COMPLETED
225b89841545297cc077fe5c,mas,0,3730147.0,0.0,1084.0,COMPLETED
868318ed8a39aadc18ff2e85,mas,2,3730734.0,0.0,2176.0,COMPLETED
a48ca542a1de48470be8cc66,mas,0,3734850.0,0.0,111.0,COMPLETED
49d0d0c3a45f36a7a6db493e,mas,3,3736315.0,0.0,670.0,COMPLETED
325fe17e67975df00ddfbe1b,mas,0,3736952.0,0.0,741.0,COMPLETED
050ec9eb8ac59feedf73b022,mas,3,3723536.0,0.0,16871.0,COMPLETED
04d822be13d6ab476022a943,mas,2,3732639.0,0.0,13035.0,COMPLETED
5b74e7ab697f9baf28e7530a,mas,2,3745930.0,0.0,72.0,COMPLETED
e24b8696d17fa713314bfbd4,mas,3,3747069.0,0.0,91.0,COMPLETED
6b79eece52d8afc43caf7288,mas,2,3747776.0,0.0,28.0,COMPLETED
0237c74f032658dcc7050267,mas,0,3746667.0,0.0,1462.0,COMPLETED
d2d6ffe0b0a54ae68bf58a06,mas,0,3752724.0,0.0,683.0,COMPLETED
d3d25155260a9c4da18d7681,mas,0,3754101.0,0.0,37.0,COMPLETED
881ef68f29389d11130f53f6,mas,1,3740644.0,0.0,14127.0,COMPLETED
4449b11cb1986006a63f78c5,mas,3,3754635.0,0.0,257.0,COMPLETED
ad9d232b2261087b87f84c34,mas,0,3754228.0,0.0,688.0,COMPLETED
edaa851bd879797842611db9,mas,0,3755938.0,0.0,274.0,COMPLETED
a556126363622281e9a58058,mas,3,3756795.0,0.0,227.0,COMPLETED
3b162ba2d9209dae89acb737,mas,3,3756756.0,0.0,405.0,COMPLETED
9eb83cf196d285dfdc7dc872,mas,3,3756137.0,0.0,2448.0,COMPLETED
83e8f4b84f4187bfbd7a4964,mas,2,3458468.0,0.0,301175.0,COMPLETED
